FLORIDA MOTORS,MAWLA SHOPNA COMPANY,"125 NE 23RD AVE STE C, GAINESVILLE, FL 32609",ALACHUA,1000000688807," $1,619.00 "
FLORIDA MOTORS,MAWLA SHOPNA COMPANY,"125 NE 23RD AVE STE C, GAINESVILLE, FL 32609",ALACHUA,1000000626092," $1,444.41 "
FLORIDA MOTORS,MAWLA SHOPNA COMPANY,"125 NE 23RD AVE STE C, GAINESVILLE, FL 32609",ALACHUA,1000000645978," $2,288.22 "
FLORIDA MOTORS,MAWLA SHOPNA COMPANY,"125 NE 23RD AVE STE C, GAINESVILLE, FL 32609",ALACHUA,1000000695156," $9,930.18 "
FLORIDA MOTORS,MAWLA SHOPNA COMPANY,"125 NE 23RD AVE STE C, GAINESVILLE, FL 32609",ALACHUA,1000000700556," $3,308.20 "
FLORIDA MOTORS,MAWLA SHOPNA COMPANY,"125 NE 23RD AVE STE C, GAINESVILLE, FL 32609",ALACHUA,1000000713302," $41,044.33 "
FLORIDA MOTORS,MAWLA SHOPNA COMPANY,"125 NE 23RD AVE STE C, GAINESVILLE, FL 32609",ALACHUA,1000000721467," $104,405.04 "
FLORIDA MOTORS,MAWLA SHOPNA COMPANY,"125 NE 23RD AVE STE C, GAINESVILLE, FL 32609",ALACHUA,1000000680697," $8,705.45 "
FLORIDA MOTORS,MAWLA SHOPNA COMPANY,"125 NE 23RD AVE STE C, GAINESVILLE, FL 32609",ALACHUA,1000000727640," $80,199.52 "
THE MICANOPY INN,SKAT INVESTMENT PROPERTIES LLC,"17110 SE CTY RD 234, MICANOPY, FL 32667",ALACHUA,1000000701579," $7,559.59 "
THE MICANOPY INN,SKAT INVESTMENT PROPERTIES LLC,"17110 SE CTY RD 234, MICANOPY, FL 32667",ALACHUA,1000000705457," $9,464.16 "
THE MICANOPY INN,SKAT INVESTMENT PROPERTIES LLC,"17110 SE CTY RD 234, MICANOPY, FL 32667",ALACHUA,1000000727642," $19,465.02 "
THE MICANOPY INN,SKAT INVESTMENT PROPERTIES LLC,"17110 SE COUNTY ROAD 234, MICANOPY, FL 32667",ALACHUA,1000000727643, $776.72 
,"TRADER JO'S AND LILY ROSE, LLC","7116 W MOUNT VERNON ST GLEN, ST MARY, FL 32040",BAKER,1000000717379," $3,758.29 "
,"TRADER JO'S AND LILY ROSE, LLC","7116 W MOUNT VERNON ST GLEN, ST MARY, FL 32040",BAKER,1000000681857, $330.00 
,"TRADER JO'S AND LILY ROSE, LLC","7116 W MOUNT VERNON ST GLEN, ST MARY, FL 32040",BAKER,1000000718390, $300.00 
,"TRADER JO'S AND LILY ROSE, LLC","7116 W MOUNT VERNON ST GLEN, ST MARY, FL 32040",BAKER,1000000681858," $3,789.49 "
,USED TIRES & MORE INC,"3528 E US HIGHWAY 90, MACCLENNY, FL 32063-4264",BAKER,1000000751293," $1,155.94 "
,USED TIRES & MORE INC,"3528 E US HIGHWAY 90, MACCLENNY, FL 32063-4264",BAKER,1000000751294," $1,489.33 "
,USED TIRES & MORE INC,"3528 E US HIGHWAY 90, MACCLENNY, FL 32063-4264",BAKER,1000000751295, $937.02 
ANGEL'S JANITORIAL OF PC LLC,ANGEL'S JANITORIAL OF PC LLC,"7111 MAXWELL CT,  PANAMA CITY, FL 32404",BAY,1000000694399," $19,698.64 "
KOBE SEAFOOD AND STEAK ,KOBE RESTAURANT GROUP LLC,"2727 W 23RD ST., PANAMA CITY, FL. 32405",BAY,1000000708604," $31,329.71 "
KOBE SEAFOOD AND STEAK ,KOBE RESTAURANT GROUP LLC,"2727 W 23RD ST., PANAMA CITY, FL. 32405",BAY,1000000709064," $10,545.17 "
KOBE SEAFOOD AND STEAK ,KOBE RESTAURANT GROUP LLC,"2727 W 23RD ST., PANAMA CITY, FL. 32405",BAY,1000000762784," $2,544.56 "
KOBE SEAFOOD AND STEAK ,KOBE RESTAURANT GROUP LLC,"2727 W 23RD ST., PANAMA CITY, FL. 32405",BAY,1000000551241," $7,687.87 "
KOBE SEAFOOD AND STEAK ,KOBE RESTAURANT GROUP LLC,"2727 W 23RD ST., PANAMA CITY, FL. 32405",BAY,1000000554056," $2,306.17 "
KOBE SEAFOOD AND STEAK ,KOBE RESTAURANT GROUP LLC,"2727 W 23RD ST., PANAMA CITY, FL. 32405",BAY,1000000580314," $2,230.14 "
,BRADFORD FUEL INC,"5290 NW 188TH TER, STARKE, FL 32091",BRADFORD,1000000713523," $4,253.47 "
,BRADFORD FUEL INC,"5290 NW 188TH TER, STARKE, FL 32091",BRADFORD,1000000714461," $6,899.60 "
,BRADFORD FUEL INC,"5290 NW 188TH TER, STARKE, FL 32091",BRADFORD,1000000724106," $9,395.42 "
,BRADFORD FUEL INC,"5290 NW 188TH TER, STARKE, FL 32091",BRADFORD,1000000724104," $1,460.00 "
,BRADFORD FUEL INC,"5290 NW 188TH TER, STARKE, FL 32091",BRADFORD,1000000713525, $620.00 
,AKA 314 LLC,"650 N TEMPLE AVE, STARKE, FL 32091-2612",BRADFORD,1000000754549," $10,376.53 "
,AKA 314 LLC,"650 N TEMPLE AVE, STARKE, FL 32091-2612",BRADFORD,1000000747150," $8,182.05 "
SWTN,THOMAS MCGOVERN,"134 HIBISCUS ST, MELBOURNE, FL 32935",BREVARD,1000000037018," $131,590.91 "
,OTO 1 MOTORS INC,"5105 KORBIN AVE, ROCKLEDGE, FL 32955",BREVARD,1000000706227," $99,987.81 "
,PLUMOSA PROPERTIES INC,"101 N PLUMOSA ST, MERRITT ISLAND, FL 32953",BREVARD,1000000766216," $110,882.43 "
NATIONAL CORPORATE HOUSING,THOMAS GEORGE ATCHISON,"2129 COVE LAKE RD, NORTH LAUDERDALE, FL 33068",BROWARD,1000000733980," $325,619.06 "
QUALIFIED INDUSTRIES LLC,TAYLOR SMITH,"401 E LAS OLAS BLVD STE 130-441, FORT LAUDERDALE, FL 33301",BROWARD,1000000742222," $122,675.84 "
QUALIFIED INDUSTRIES LLC,TAYLOR SMITH,"401 E LAS OLAS BLVD STE 130-441, FORT LAUDERDALE, FL 33301",BROWARD,1000000744092," $187,378.94 "
ROSEFIELD ENTERPRISES CORP,JONAH D ROSEFIELD,"390 JEFFERSON DR UNIT 104, DEERFIELD BEACH FL 33442",BROWARD,1000000755522," $137,422.28 "
OAKLAND PARK INN INC,ALICE MARQUEZ,"3001 N FEDERAL HWY FORT LAUDERDALE, FL 33306",BROWARD,1000000518084," $22,970.12 "
OAKLAND PARK INN INC,ALICE MARQUEZ,"3001 N FEDERAL HWY FORT LAUDERDALE, FL 33306",BROWARD,1000000743059," $28,465.97 "
OAKLAND PARK INN INC,ALICE MARQUEZ,"3001 N FEDERAL HWY FORT LAUDERDALE, FL 33306",BROWARD,1000000753395," $29,658.61 "
OAKLAND PARK INN INC,ALICE MARQUEZ,"3001 N FEDERAL HWY FORT LAUDERDALE, FL 33306",BROWARD,1000000511745," $169,494.93 "
OAKLAND PARK INN INC,ALICE MARQUEZ,"3001 N FEDERAL HWY, FORT LAUDERDALE, FL 33306",BROWARD,1000000736525," $27,560.98 "
OAKLAND PARK INN INC,ALICE MARQUEZ,"3001 N FEDERAL HWY, FORT LAUDERDALE, FL 33306",BROWARD,1000000772592," $85,613.51 "
TAMARAC FOOD STOP INC,ANBESSE TEMESGEN,"7556 NW 58 ST., TAMARAC, FL 33321",BROWARD,1000000763052," $196,128.88 "
FAITH EMPIRE FOODS,DAIMA KAHLIA MATHEWS/FINLEY DAYNE MATTHEWS,"2617 W ATLANTIC BLVD., POMPANO BEACH, FL 33069",BROWARD,1000000760509," $84,539.95 "
FAITH EMPIRE FOODS,DAIMA KAHLIA MATHEWS/FINLEY DAYNE MATTHEWS,"2617 W ATLANTIC BLVD., POMPANO BEACH, FL 33069",BROWARD,1000000772231," $12,234.67 "
JACKSON MOTORS INC,JOHN COATES/JOANNE COATES,"2150 SW 38TH ST., FORT LAUDERDALE, FL 33312",BROWARD,1000000771044," $157,133.54 "
FINE ON WHEELS CORP,NELLY SUYAPA VARGAS,"4701 ORANGE DR. BLDG 17 BAY # 15, DAVIE, FL 33314",BROWARD,1000000760866," $88,180.24 "
FINE ON WHEELS CORP,NELLY SUYAPA VARGAS,"4701 ORANGE DR. BLDG 17 BAY # 15, DAVIE, FL 33314",BROWARD,1000000764894," $33,653.07 "
LOVE CULTURE/UNITED LC CAPITAL LLC,PETER WOO,"14560 SW 5TH ST, PEMBROKE PINES, FL 33027",BROWARD,1000000753293," $68,157.91 "
BLACK LOTUS CONCEPTS,MICHAEL E. PIERCE,"17617 STATE RD 20 W, STE 1, BLOUNTSTOWN, FL 32424",CALHOUN,1000000765473," $7,962.33 "
A PLUS AUTO,NICHOLAS VUOLO,"909 KINGS HWY, PT CHARLOTTE, FL 33980-4248",CHARLOTTE,1000000523270," $1,436.27 "
A PLUS AUTO,NICHOLAS VUOLO,"909 KINGS HWY, PT CHARLOTTE, FL 33980-4248",CHARLOTTE,1000000721513," $5,181.62 "
A PLUS AUTO,NICHOLAS VUOLO,"909 KINGS HWY, PT CHARLOTTE, FL 33980-4248",CHARLOTTE,1000000721512," $3,550.20 "
A PLUS AUTO,NICHOLAS VUOLO,"909 KINGS HWY, PT CHARLOTTE, FL 33980-4248",CHARLOTTE,1000000692508," $3,022.91 "
A PLUS AUTO,NICHOLAS VUOLO,"909 KINGS HWY, PT CHARLOTTE, FL 33980-4248",CHARLOTTE,1000000646535," $9,191.04 "
A PLUS AUTO,NICHOLAS VUOLO,"909 KINGS HWY, PT CHARLOTTE, FL 33980-4248",CHARLOTTE,1000000727822," $27,556.84 "
,RAIMER'S MOTORS INC,"647 TAMIAMI TRL, PT CHARLOTTE, FL 33953-2903",CHARLOTTE,1000000612009," $1,804.56 "
,RAIMER'S MOTORS INC,"647 TAMIAMI TRL, PT CHARLOTTE, FL 33953-2903",CHARLOTTE,1000000593980," $1,936.82 "
,RAIMER'S MOTORS INC,"647 TAMIAMI TRL, PT CHARLOTTE, FL 33953-2903",CHARLOTTE,1000000239571, $188.40 
,RAIMER'S MOTORS INC,"647 TAMIAMI TRL, PT CHARLOTTE, FL 33953-2903",CHARLOTTE,1000000132748," $25,940.37 "
,RAIMER'S MOTORS INC,"647 TAMIAMI TRL, PT CHARLOTTE, FL 33953-2903",CHARLOTTE,1000000462374," $7,161.80 "
,RAIMER'S MOTORS INC,"647 TAMIAMI TRL, PT CHARLOTTE, FL 33953-2903",CHARLOTTE,1000000728920," $16,716.15 "
,RAIMER'S MOTORS INC,"647 TAMIAMI TRL, PT CHARLOTTE, FL 33953-2903",CHARLOTTE,1000000732429," $8,613.72 "
,SUSAN W. DECRESCENZO,"7800 N CARL G ROSE HWY,                HERNANDO, FL 3442-2102",CITRUS,1000000693418," $47,405.52 "
,SUSAN W. DECRESCENZO,"7800 N CARL G ROSE HWY,                HERNANDO, FL 3442-2102",CITRUS,1000000706777," $2,669.41 "
,SUSAN W. DECRESCENZO,"7800 N CARL G ROSE HWY,                HERNANDO, FL 3442-2102",CITRUS,1000000716093," $5,342.22 "
,SUSAN W. DECRESCENZO,"7800 N CARL G ROSE HWY,                HERNANDO, FL 3442-2102",CITRUS,1000000743759," $5,215.77 "
,SUSAN W. DECRESCENZO,"7800 N CARL G ROSE HWY,                HERNANDO, FL 3442-2102",CITRUS,1000000702624," $5,349.95 "
,SUSAN W. DECRESCENZO,"7800 N CARL G ROSE HWY,                HERNANDO, FL 3442-2102",CITRUS,1000000755527," $3,103.52 "
,SUSAN W. DECRESCENZO,"7800 N CARL G ROSE HWY,                HERNANDO, FL 3442-2102",CITRUS,1000000755523," $2,034.76 "
,SUSAN W. DECRESCENZO,"7800 N CARL G ROSE HWY,                HERNANDO, FL 3442-2102",CITRUS,1000000772010," $2,382.68 "
,SHARIF PROPERTIES CRYSTAL RIVER LLC,"310 SE US HWY 19, CRYSTAL RIVER, FL  34429",CITRUS,1000000756297,"$27,657.51 "
PRECISION AUTOMOTIVE REPAIR,ANGELA M. DELUCA,"1014 BLANDING BLVD, ORANGE PARK, FL 32065-6702",CLAY,1000000774089," $1,589.00 "
PRECISION AUTOMOTIVE REPAIR,ANGELA M. DELUCA,"1014 BLANDING BLVD, ORANGE PARK, FL 32065-6702",CLAY,1000000768576," $24,151.18 "
,AFFORDABLE FENCE CENTER LLC,"1623 BLANDING BLVD, MIDDLEBURG, FL 32068-4093",CLAY,1000000745172," $5,375.29 "
,AFFORDABLE FENCE CENTER LLC,"1623 BLANDING BLVD, MIDDLEBURG, FL 32068-4093",CLAY,1000000768600," $18,566.91 "
,SUPER SLIDER SERVICE INC,"4084 ARNOLD ST STE 4, NAPLES, FL 34104",COLLIER,1000000380933," $117,628.11 "
PIMA,PIMA GROUP INC,"101 NEW MARKET RD EAST, IMMOKALEE, FL 34142",COLLIER,1000000698159," $255,641.80 "
,DANIELS TIMBER INC,"1068 S MARION AVE, LAKE CITY, FL 32025-5873",COLUMBIA,1000000723084," $42,666.92 "
,BCRE BRICKELL CORP,"885 3RD AVE FL 24, NEW YORK, NY 10022-4834",COLUMBIA,1000000737624," $333,345.81 "
,BCRE BRICKELL CORP,"885 3RD AVE FL 24,  NEW YORK, NY 10022-4834",COLUMBIA,1000000737623, $630.00 
COLUMBIA MOTORS & TIRE,RODGER S. MENA,"4484 E US HIGHWAY 90, LAKE CITY, FL 32055-6202",COLUMBIA,1000000727072," $1,013.61 "
COLUMBIA MOTORS & TIRE,RODGER S. MENA,"4484 E US HIGHWAY 90, LAKE CITY, FL 32055-6202",COLUMBIA,1000000766636," $25,805.33 "
COLUMBIA MOTORS & TIRE,RODGER S. MENA,"4484 E US HIGHWAY 90, LAKE CITY, FL 32055-6202",COLUMBIA,1000000723453," $1,619.19 "
EASY FLIGHT INC C/O NATHAN BERMAN,EASY FLIGHT INC C/O NATHAN BERMAN,"520 BRICKELL KEY DR STE 1403, MIAMI, FL 33131",DADE,1000000676318," $148,328.99 "
AUDIO VIDEO SOLUTIONS OF SO FLORIDA INC,AUDIO VIDEO SOLUTIONS OF SO FLORIDA INC,"4906 SW 72ND AVE STE C, MIAMI, FL 33155",DADE,1000000611650 ," $75,386.70 "
AUDIO VIDEO SOLUTIONS OF SO FLORIDA INC,AUDIO VIDEO SOLUTIONS OF SO FLORIDA INC,"4906 SW 72ND AVE STE C, MIAMI, FL 33155",DADE,1000000683580," $62,666.33 "
AUDIO VIDEO SOLUTIONS OF SO FLORIDA INC,AUDIO VIDEO SOLUTIONS OF SO FLORIDA INC,"4906 SW 72ND AVE STE C, MIAMI, FL 33155",DADE,1000000722102," $92,636.27 "
AUDIO VIDEO SOLUTIONS OF SO FLORIDA INC,AUDIO VIDEO SOLUTIONS OF SO FLORIDA INC,"4906 SW 72ND AVE STE C, MIAMI, FL 33155",DADE,1000000752222," $19,059.19 "
AL-DAN TRADING INC,AL-DAN TRADING INC,"20600 NW 47TH AVE, MIAMI GARDENS, FL 33055",DADE,1000000469965," $403,346.05 "
DIVERSIFIED CONSTRUCTION & RESTORATION I,DIVERSIFIED CONSTRUCTION & RESTORATION I,"13525 SW 288TH ST, HOMESTEAD, FL 33033",DADE,1000000469609," $124,533.20 "
SPUDS ECONOMY TIRES INC,SPUDS ECONOMY TIRES INC,"18575 NW 27TH AVE, MIAMI GARDENS, FL 33056",DADE,1000000423409," $3,574.93 "
SPUDS ECONOMY TIRES INC,SPUDS ECONOMY TIRES INC,"18575 NW 27TH AVE, MIAMI GARDENS, FL 33056",DADE,1000000516825," $4,754.16 "
SPUDS ECONOMY TIRES INC,SPUDS ECONOMY TIRES INC,"18575 NW 27TH AVE, MIAMI GARDENS, FL 33056",DADE,1000000703792," $24,604.75 "
SPUDS ECONOMY TIRES INC,SPUDS ECONOMY TIRES INC,"18575 NW 27TH AVE, MIAMI GARDENS, FL 33056",DADE,1000000726475," $42,060.28 "
SPUDS ECONOMY TIRES INC,SPUDS ECONOMY TIRES INC,"18575 NW 27TH AVE, MIAMI GARDENS, FL 33056",DADE,1000000460307, $910.59 
SPUDS ECONOMY TIRES INC,SPUDS ECONOMY TIRES INC,"18575 NW 27TH AVE, MIAMI GARDENS, FL 33056",DADE,1000000423438, $201.31 
SPUDS ECONOMY TIRES INC,SPUDS ECONOMY TIRES INC,"18575 NW 27TH AVE, MIAMI GARDENS, FL 33056",DADE,1000000460311, $388.80 
SPUDS ECONOMY TIRES INC,SPUDS ECONOMY TIRES INC,"18575 NW 27TH AVE, MIAMI GARDENS, FL 33056",DADE,1000000703793," $8,693.16 "
SPUDS ECONOMY TIRES INC,SPUDS ECONOMY TIRES INC,"18575 NW 27TH AVE, MIAMI GARDENS, FL 33056",DADE,1000000726476," $18,505.77 "
SPUDS ECONOMY TIRES INC,SPUDS ECONOMY TIRES INC,"18575 NW 27TH AVE, MIAMI GARDENS, FL 33056",DADE,1000000516826, $236.18 
SPUDS ECONOMY TIRES INC,SPUDS ECONOMY TIRES INC,"18575 NW 27TH AVE, MIAMI GARDENS, FL 33056",DADE,1000000521803," $1,076.02 "
SPUDS ECONOMY TIRES INC,SPUDS ECONOMY TIRES INC,"18575 NW 27TH AVE, MIAMI GARDENS, FL 33056",DADE,1000000703794," $3,051.19 "
SPUDS ECONOMY TIRES INC,SPUDS ECONOMY TIRES INC,"18575 NW 27TH AVE, MIAMI GARDENS, FL 33056",DADE,1000000726477," $1,883.25 "
SPUDS ECONOMY TIRES INC,SPUDS ECONOMY TIRES INC,"18575 NW 27TH AVE, MIAMI GARDENS, FL 33056",DADE,1000000733021," $10,590.02 "
SPUDS ECONOMY TIRES INC,SPUDS ECONOMY TIRES INC,"18575 NW 27TH AVE, MIAMI GARDENS, FL 33056",DADE,1000000733022," $4,323.06 "
PORTABELLA RESTAURANT INC,PORTABELLA RESTAURANT INC,"2841 CORAL WAY, CORAL GABLES, FL 33145",DADE,1000000020059," $77,670.66 "
PORTABELLA RESTAURANT INC,PORTABELLA RESTAURANT INC,"2841 CORAL WAY, CORAL GABLES, FL 33145",DADE,1000000246067," $5,549.23 "
PORTABELLA RESTAURANT INC,PORTABELLA RESTAURANT INC,"2841 CORAL WAY, CORAL GABLES, FL 33145",DADE,1000000240622," $69,957.44 "
PORTABELLA RESTAURANT INC,PORTABELLA RESTAURANT INC,"2841 CORAL WAY, CORAL GABLES, FL 33145",DADE,1000000254016," $4,434.54 "
PORTABELLA RESTAURANT INC,PORTABELLA RESTAURANT INC,"2841 CORAL WAY, CORAL GABLES, FL 33145",DADE,1000000074773," $4,130.13 "
PORTABELLA RESTAURANT INC,PORTABELLA RESTAURANT INC,"2841 CORAL WAY, CORAL GABLES, FL 33145",DADE,01021230039," $9,831.80 "
PORTABELLA RESTAURANT INC,PORTABELLA RESTAURANT INC,"2841 CORAL WAY, CORAL GABLES, FL 33145",DADE,1000000072773," $1,500.00 "
PORTABELLA RESTAURANT INC,PORTABELLA RESTAURANT INC,"2841 CORAL WAY, CORAL GABLES, FL 33145",DADE,1000000383049," $6,638.78 "
PORTABELLA RESTAURANT INC,PORTABELLA RESTAURANT INC,"2841 CORAL WAY, CORAL GABLES, FL 33145",DADE,1000000204332," $1,086.95 "
PORTABELLA RESTAURANT INC,PORTABELLA RESTAURANT INC,"2841 CORAL WAY, CORAL GABLES, FL 33145",DADE,1000000245949, $670.03 
PORTABELLA RESTAURANT INC,PORTABELLA RESTAURANT INC,"2841 CORAL WAY, CORAL GABLES, FL 33145",DADE,1000000745203," $3,664.21 "
PORTABELLA RESTAURANT INC,PORTABELLA RESTAURANT INC,"2841 CORAL WAY, CORAL GABLES, FL 33145",DADE,1000000747643," $1,642.97 "
PORTABELLA RESTAURANT INC,PORTABELLA RESTAURANT INC,"2841 CORAL WAY, CORAL GABLES, FL 33145",DADE,1000000751709," $39,444.48 "
LASA INC,LASA INC,"400 S DIXIE HWY STE 3, HALLANDALE BEACH, FL 33009",DADE,1000000713502," $117,713.91 "
ABITBOL MIDTOWN WINGS LLC,ABITBOL MIDTOWN WINGS LLC,"3201 N MIAMI AVE STE 100C, MIAMI, FL 33127",DADE,1000000643998," $45,216.83 "
ABITBOL MIDTOWN WINGS LLC,ABITBOL MIDTOWN WINGS LLC,"3201 N MIAMI AVE STE 100C, MIAMI, FL 33127",DADE,1000000686296," $53,169.40 "
ABITBOL MIDTOWN WINGS LLC,ABITBOL MIDTOWN WINGS LLC,"3201 N MIAMI AVE STE 100C, MIAMI, FL 33127",DADE,1000000687522," $19,437.85 "
ABITBOL MIDTOWN WINGS LLC,ABITBOL MIDTOWN WINGS LLC,"3201 N MIAMI AVE STE 100C, MIAMI, FL 33127",DADE,1000000712965," $20,907.67 "
ABITBOL MIDTOWN WINGS LLC,ABITBOL MIDTOWN WINGS LLC,"3201 N MIAMI AVE STE 100C, MIAMI, FL 33127",DADE,1000000731561," $28,115.93 "
ABITBOL MIDTOWN WINGS LLC,ABITBOL MIDTOWN WINGS LLC,"3201 N MIAMI AVE STE 100C, MIAMI, FL 33127",DADE,1000000732567," $1,643.22 "
ABITBOL MIDTOWN WINGS LLC,ABITBOL MIDTOWN WINGS LLC,"3201 N MIAMI AVE STE 100C, MIAMI, FL 33127",DADE,1000000747709," $1,162.75 "
MALIBU POOL SERVICES INC,MALIBU POOL SERVICES INC,"950 PERRINE AVE, MIAMI, FL 33157",DADE,1000000582200," $47,061.92 "
MALIBU POOL SERVICES INC,MALIBU POOL SERVICES INC,"950 PERRINE AVE, MIAMI, FL 33157",DADE,1000000239423," $13,184.49 "
MALIBU POOL SERVICES INC,MALIBU POOL SERVICES INC,"950 PERRINE AVE, MIAMI, FL 33157",DADE,1000000196301," $4,954.22 "
MALIBU POOL SERVICES INC,MALIBU POOL SERVICES INC,"950 PERRINE AVE, MIAMI, FL 33157",DADE,1000000367683," $12,208.66 "
MALIBU POOL SERVICES INC,MALIBU POOL SERVICES INC,"950 PERRINE AVE, MIAMI, FL 33157",DADE,1000000122279," $3,748.96 "
MALIBU POOL SERVICES INC,MALIBU POOL SERVICES INC,"950 PERRINE AVE, MIAMI, FL 33157",DADE,1000000582209, $283.42 
MALIBU POOL SERVICES INC,MALIBU POOL SERVICES INC,"950 PERRINE AVE, MIAMI, FL 33157",DADE,1000000244573," $3,449.53 "
MALIBU POOL SERVICES INC,MALIBU POOL SERVICES INC,"950 PERRINE AVE, MIAMI, FL 33157",DADE,1000000207546," $21,600.94 "
MALIBU POOL SERVICES INC,MALIBU POOL SERVICES INC,"950 PERRINE AVE, MIAMI, FL 33157",DADE,1000000367682, $440.00 
MALIBU POOL SERVICES INC,MALIBU POOL SERVICES INC,"950 PERRINE AVE, MIAMI, FL 33157",DADE,1000000748968," $1,650.00 "
MALIBU POOL SERVICES INC,MALIBU POOL SERVICES INC,"950 PERRINE AVE, MIAMI, FL 33157",DADE,1000000748965," $129,034.90 "
LA BODEGA MARKET CORPORATION,LA BODEGA MARKET CORPORATION,"3001 E 4TH AVE, HIALEAH, FL 33013",DADE,1000000652565, $330.00 
LA BODEGA MARKET CORPORATION,LA BODEGA MARKET CORPORATION,"3001 E 4TH AVE, HIALEAH, FL 33013",DADE,1000000710377," $248,256.72 "
LA BODEGA MARKET CORPORATION,LA BODEGA MARKET CORPORATION,"3001 E 4TH AVE, HIALEAH, FL 33013",DADE,1000000726439," $18,043.16 "
LA BODEGA MARKET CORPORATION,LA BODEGA MARKET CORPORATION,"3001 E 4TH AVE, HIALEAH, FL 33013",DADE,1000000747928," $1,470.64 "
LA BODEGA MARKET CORPORATION,LA BODEGA MARKET CORPORATION,"3001 E 4TH AVE, HIALEAH, FL 33013",DADE,1000000770773," $43,366.57 "
LA BODEGA MARKET CORPORATION,LA BODEGA MARKET CORPORATION,"3001 E 4TH AVE, HIALEAH, FL 33013",DADE,1000000770775, $960.00 
DORAL TILES LLC,DORAL TILES LLC,"3131 NW 79TH AVE STE 5, DORAL, FL 33122",DADE,1000000647030," $564,932.79 "
DORAL TILES LLC,DORAL TILES LLC,"3131 NW 79TH AVE STE 5, DORAL, FL 33122",DADE,1000000647031," $7,005.76 "
DORAL TILES LLC,DORAL TILES LLC,"3131 NW 79TH AVE STE 5, DORAL, FL 33122",DADE,1000000651994," $9,285.12 "
DORAL TILES LLC,DORAL TILES LLC,"3131 NW 79TH AVE STE 5, DORAL, FL 33122",DADE,1000000655321," $4,007.51 "
DORAL TILES LLC,DORAL TILES LLC,"3131 NW 79TH AVE STE 5, DORAL, FL 33122",DADE,1000000557820, $796.52 
DORAL TILES LLC,DORAL TILES LLC,"3131 NW 79TH AVE STE 5, DORAL, FL 33122",DADE,1000000726271," $108,507.64 "
DORAL TILES LLC,DORAL TILES LLC,"3131 NW 79TH AVE STE 5, DORAL, FL 33122",DADE,1000000770011," $10,445.70 "
DADE FEDERAL INVESTIGATION AGENCY INC,DADE FEDERAL INVESTIGATION AGENCY INC,"12150 SW 128TH CT, MIAMI, FL 33186",DADE,1000000239487," $17,110.96 "
DADE FEDERAL INVESTIGATION AGENCY INC,DADE FEDERAL INVESTIGATION AGENCY INC,"12150 SW 128TH CT, MIAMI, FL 33186",DADE,1000000390837," $19,494.10 "
DADE FEDERAL INVESTIGATION AGENCY INC,DADE FEDERAL INVESTIGATION AGENCY INC,"12150 SW 128TH CT, MIAMI, FL 33186",DADE,1000000553331," $2,484.19 "
DADE FEDERAL INVESTIGATION AGENCY INC,DADE FEDERAL INVESTIGATION AGENCY INC,"12150 SW 128TH CT, MIAMI, FL 33186",DADE,1000000578197," $14,930.82 "
DADE FEDERAL INVESTIGATION AGENCY INC,DADE FEDERAL INVESTIGATION AGENCY INC,"12150 SW 128TH CT, MIAMI, FL 33186",DADE,1000000201592," $34,322.07 "
DADE FEDERAL INVESTIGATION AGENCY INC,DADE FEDERAL INVESTIGATION AGENCY INC,"12150 SW 128TH CT, MIAMI, FL 33186",DADE,1000000239480," $1,324.08 "
DADE FEDERAL INVESTIGATION AGENCY INC,DADE FEDERAL INVESTIGATION AGENCY INC,"12150 SW 128TH CT, MIAMI, FL 33186",DADE,1000000390838," $124,026.87 "
DADE FEDERAL INVESTIGATION AGENCY INC,DADE FEDERAL INVESTIGATION AGENCY INC,"12150 SW 128TH CT, MIAMI, FL 33186",DADE,1000000406727," $8,858.25 "
DADE FEDERAL INVESTIGATION AGENCY INC,DADE FEDERAL INVESTIGATION AGENCY INC,"12150 SW 128TH CT, MIAMI, FL 33186",DADE,1000000553329," $95,611.70 "
DADE FEDERAL INVESTIGATION AGENCY INC,DADE FEDERAL INVESTIGATION AGENCY INC,"12150 SW 128TH CT, MIAMI, FL 33186",DADE,1000000567200," $9,647.00 "
DADE FEDERAL INVESTIGATION AGENCY INC,DADE FEDERAL INVESTIGATION AGENCY INC,"12150 SW 128TH CT, MIAMI, FL 33186",DADE,1000000593433," $4,851.06 "
DADE FEDERAL INVESTIGATION AGENCY INC,DADE FEDERAL INVESTIGATION AGENCY INC,"12150 SW 128TH CT, MIAMI, FL 33186",DADE,1000000739454," $39,011.04 "
DADE FEDERAL INVESTIGATION AGENCY INC,DADE FEDERAL INVESTIGATION AGENCY INC,"12150 SW 128TH CT, MIAMI, FL 33186",DADE,1000000739453," $94,453.50 "
HILCRAFT ENGRAVING INC,HILCRAFT ENGRAVING INC,"3960 NW 26TH ST, MIAMI, FL 33142-6728",DADE,1000000126989," $18,814.61 "
HILCRAFT ENGRAVING INC,HILCRAFT ENGRAVING INC,"3960 NW 26TH ST, MIAMI, FL 33142-6728",DADE,1000000203184," $28,093.88 "
HILCRAFT ENGRAVING INC,HILCRAFT ENGRAVING INC,"3960 NW 26TH ST, MIAMI, FL 33142-6728",DADE,1000000460933," $208,698.09 "
HILCRAFT ENGRAVING INC,HILCRAFT ENGRAVING INC,"3960 NW 26TH ST, MIAMI, FL 33142-6728",DADE,1000000480422," $13,924.89 "
HILCRAFT ENGRAVING INC,HILCRAFT ENGRAVING INC,"3960 NW 26TH ST, MIAMI, FL 33142-6728",DADE,1000000516264," $4,464.23 "
ACL MEDICAL CENTER INC,ACL MEDICAL CENTER INC,"9600 SW 8TH ST STE 17, MIAMI, FL 33174-2947",DADE,1000000725706," $130,803.08 "
HI VOLTAGE SUPPLIES CORP.,HI VOLTAGE SUPPLIES CORP.,"8315 NW 64TH ST STE 8, MIAMI, FL 33166-2657",DADE,1000000729183," $106,792.35 "
ALL AMERICAN SECURITY INC,ALL AMERICAN SECURITY INC,"8150 SW 8TH ST STE 216, MIAMI, FL 33144-4265",DADE,1000000733432," $139,052.32 "
EL CHARRITO OF FLORIDA CITY INC,EL CHARRITO OF FLORIDA CITY INC,"636 W PALM DR # 102, FLORIDA CITY, FL 33034-3222",DADE,1000000699701," $221,888.91 "
CORAL HOME CARE INC,CORAL HOME CARE INC,"17680 NW 78TH AVE STE 101-102, HIALEAH, FL 33015-3666",DADE,1000000691600," $1,140,996.03 "
CORAL HOME CARE INC,CORAL HOME CARE INC,"17680 NW 78TH AVE STE 101-102, HIALEAH, FL 33015-3666",DADE,1000000738683, $300.00 
CORAL HOME CARE INC,CORAL HOME CARE INC,"17680 NW 78TH AVE STE 101-102, HIALEAH, FL 33015-3666",DADE,1000000744494," $1,775.72 "
CORAL HOME CARE INC,CORAL HOME CARE INC,"17680 NW 78TH AVE STE 101-102, HIALEAH, FL 33015-3666",DADE,1000000758815," $3,241.78 "
SUPERCHEAP AUTO SALES INC,SUPERCHEAP AUTO SALES INC,"7020 NW 7TH AVE, MIAMI, FL. 33150-3812",DADE,1000000518893," $41,309.33 "
SUPERCHEAP AUTO SALES INC,SUPERCHEAP AUTO SALES INC,"7020 NW 7TH AVE, MIAMI, FL. 33150-3812",DADE,1000000607861," $41,321.37 "
SUPERCHEAP AUTO SALES INC,SUPERCHEAP AUTO SALES INC,"7020 NW 7TH AVE, MIAMI, FL. 33150-3812",DADE,1000000614296," $22,096.80 "
SUPERCHEAP AUTO SALES INC,SUPERCHEAP AUTO SALES INC,"7020 NW 7TH AVE, MIAMI, FL. 33150-3812",DADE,1000000649929," $306,511.84 "
SUPERCHEAP AUTO SALES INC,SUPERCHEAP AUTO SALES INC,"7020 NW 7TH AVE, MIAMI, FL. 33150-3812",DADE,1000000741160," $393,766.30 "
RED BRICK LIQUORS CORP,RED BRICK LIQUORS CORP,"4351 NW 7TH ST UNIT 2, MIAMI, FL 33126-3515",DADE,1000000743214," $115,043.37 "
"BLACKSTAR APPRAISERS, INC.","BLACKSTAR APPRAISERS, INC.","224 PALERMO AVE, CORAL GABLES, FL. 33134-6606",DADE,1000000746355," $128,715.87 "
DJOJO AUTO SALES INC,DJOJO AUTO SALES INC,"17050 NW 3RD AVE, N MIAMI BEACH, FL. 33169-5905",DADE,1000000206711," $1,557.18 "
DJOJO AUTO SALES INC,DJOJO AUTO SALES INC,"17050 NW 3RD AVE, N MIAMI BEACH, FL. 33169-5905",DADE,1000000368512," $1,396.72 "
DJOJO AUTO SALES INC,DJOJO AUTO SALES INC,"17050 NW 3RD AVE, N MIAMI BEACH, FL. 33169-5905",DADE,1000000674896," $254,015.62 "
DJOJO AUTO SALES INC,DJOJO AUTO SALES INC,"17050 NW 3RD AVE, N MIAMI BEACH, FL. 33169-5905",DADE,1000000688522," $3,194.19 "
DJOJO AUTO SALES INC,DJOJO AUTO SALES INC,"17050 NW 3RD AVE, N MIAMI BEACH, FL. 33169-5905",DADE,1000000734427," $18,955.31 "
DJOJO AUTO SALES INC,DJOJO AUTO SALES INC,"17050 NW 3RD AVE, N MIAMI BEACH, FL. 33169-5905",DADE,1000000745969," $1,949.43 "
DJOJO AUTO SALES INC,DJOJO AUTO SALES INC,"17050 NW 3RD AVE, N MIAMI BEACH, FL. 33169-5905",DADE,1000000745970," $74,806.78 "
DJOJO AUTO SALES INC,DJOJO AUTO SALES INC,"17050 NW 3RD AVE, N MIAMI BEACH, FL. 33169-5905",DADE,1000000734428, $665.01 
DJOJO AUTO SALES INC,DJOJO AUTO SALES INC,"17050 NW 3RD AVE, N MIAMI BEACH, FL. 33169-5905",DADE,1000000763327," $43,942.52 "
DJOJO AUTO SALES INC,DJOJO AUTO SALES INC,"17050 NW 3RD AVE, N MIAMI BEACH, FL. 33169-5905",DADE,1000000763328, $521.06 
ELI'S FOREIGN CAR INC ,ELI'S FOREIGN CAR INC ,"9790 WAYNE AVE, PERRINE, FL. 33157-5541",DADE,1000000097672," $4,707.21 "
ELI'S FOREIGN CAR INC ,ELI'S FOREIGN CAR INC ,"9790 WAYNE AVE, PERRINE, FL. 33157-5541",DADE,1000000198926," $6,326.34 "
ELI'S FOREIGN CAR INC ,ELI'S FOREIGN CAR INC ,"9790 WAYNE AVE, PERRINE, FL. 33157-5541",DADE,1000000212138," $20,114.67 "
ELI'S FOREIGN CAR INC ,ELI'S FOREIGN CAR INC ,"9790 WAYNE AVE, PERRINE, FL. 33157-5541",DADE,1000000250813," $4,747.92 "
ELI'S FOREIGN CAR INC ,ELI'S FOREIGN CAR INC ,"9790 WAYNE AVE, PERRINE, FL. 33157-5541",DADE,1000000700991," $7,909.46 "
ELI'S FOREIGN CAR INC ,ELI'S FOREIGN CAR INC ,"9790 WAYNE AVE, PERRINE, FL. 33157-5541",DADE,1000000749347," $64,325.39 "
ELI'S FOREIGN CAR INC ,ELI'S FOREIGN CAR INC ,"9790 WAYNE AVE, PERRINE, FL. 33157-5541",DADE,1000000097784," $6,658.10 "
ELI'S FOREIGN CAR INC ,ELI'S FOREIGN CAR INC ,"9790 WAYNE AVE, PERRINE, FL. 33157-5541",DADE,1000000116174, $546.18 
ELI'S FOREIGN CAR INC ,ELI'S FOREIGN CAR INC ,"9790 WAYNE AVE, PERRINE, FL. 33157-5541",DADE,1000000153649, $629.87 
ELI'S FOREIGN CAR INC ,ELI'S FOREIGN CAR INC ,"9790 WAYNE AVE, PERRINE, FL. 33157-5541",DADE,1000000206562, $410.00 
ELI'S FOREIGN CAR INC ,ELI'S FOREIGN CAR INC ,"9790 WAYNE AVE, PERRINE, FL. 33157-5541",DADE,1000000219818, $245.15 
ELI'S FOREIGN CAR INC ,ELI'S FOREIGN CAR INC ,"9790 WAYNE AVE, PERRINE, FL. 33157-5541",DADE,1000000244445, $232.83 
ELI'S FOREIGN CAR INC ,ELI'S FOREIGN CAR INC ,"9790 WAYNE AVE, PERRINE, FL. 33157-5541",DADE,1000000460831, $473.43 
ELI'S FOREIGN CAR INC ,ELI'S FOREIGN CAR INC ,"9790 WAYNE AVE, PERRINE, FL. 33157-5541",DADE,1000000603770, $881.61 
ELI'S FOREIGN CAR INC ,ELI'S FOREIGN CAR INC ,"9790 WAYNE AVE, PERRINE, FL. 33157-5541",DADE,1000000700992," $2,182.55 "
ELI'S FOREIGN CAR INC ,ELI'S FOREIGN CAR INC ,"9790 WAYNE AVE, PERRINE, FL. 33157-5541",DADE,1000000749349," $1,317.68 "
ELI'S FOREIGN CAR INC ,ELI'S FOREIGN CAR INC ,"9790 WAYNE AVE, PERRINE, FL. 33157-5541",DADE,1000000261110, $584.39 
ELI'S FOREIGN CAR INC ,ELI'S FOREIGN CAR INC ,"9790 WAYNE AVE, PERRINE, FL. 33157-5541",DADE,1000000460836," $1,146.66 "
ELI'S FOREIGN CAR INC ,ELI'S FOREIGN CAR INC ,"9790 WAYNE AVE, PERRINE, FL. 33157-5541",DADE,1000000734774, $858.82 
ELI'S FOREIGN CAR INC ,ELI'S FOREIGN CAR INC ,"9790 WAYNE AVE, PERRINE, FL. 33157-5541",DADE,1000000749350," $2,661.49 "
"HENRY AUTO SALES OF MIAMI, INC.","HENRY AUTO SALES OF MIAMI, INC.","4100 NW 135TH ST UNIT 5A, OPA LOCKA, FL. 33054-4652",DADE,1000000721884," $195,792.58 "
"HENRY AUTO SALES OF MIAMI, INC.","HENRY AUTO SALES OF MIAMI, INC.","4100 NW 135TH ST UNIT 5A, OPA LOCKA, FL. 33054-4652",DADE,1000000729995," $65,790.46 "
"HENRY AUTO SALES OF MIAMI, INC.","HENRY AUTO SALES OF MIAMI, INC.","4100 NW 135TH ST UNIT 5A, OPA LOCKA, FL. 33054-4652",DADE,1000000749424," $72,848.85 "
"HENRY AUTO SALES OF MIAMI, INC.","HENRY AUTO SALES OF MIAMI, INC.","4100 NW 135TH ST UNIT 5A, OPA LOCKA, FL. 33054-4652",DADE,1000000774154," $49,448.58 "
"HENRY AUTO SALES OF MIAMI, INC.","HENRY AUTO SALES OF MIAMI, INC.","4100 NW 135TH ST UNIT 5A, OPA LOCKA, FL. 33054-4652",DADE,1000000774155," $88,411.07 "
"FAMILY FOOD OF HOMESTEAD, INC","FAMILY FOOD OF HOMESTEAD, INC","59 SW 8TH ST, HOMESTEAD, FL. 33030-7262",DADE,1000000749528," $107,106.99 "
LINCOLN FINANCIAL MEDIA CO OF FLORIDA,LINCOLN FINANCIAL MEDIA CO OF FLORIDA,"20450 NW 2ND AVE, MIAMI, FL. 33169-2505",DADE,1000000755168," $535,395.45 "
RENT MAX MIAMI INC,RENT MAX MIAMI INC,"4120 NW 28TH ST, MIAMI, FL. 33142-5614",DADE,1000000645488," $24,891.55 "
RENT MAX MIAMI INC,RENT MAX MIAMI INC,"4120 NW 28TH ST, MIAMI, FL. 33142-5614",DADE,1000000752344," $104,515.98 "
RENT MAX MIAMI INC,RENT MAX MIAMI INC,"4120 NW 28TH ST, MIAMI, FL. 33142-5614",DADE,1000000710755," $7,608.61 "
RENT MAX MIAMI INC,RENT MAX MIAMI INC,"4120 NW 28TH ST, MIAMI, FL. 33142-5614",DADE,1000000752345," $96,409.75 "
RENT MAX MIAMI INC,RENT MAX MIAMI INC,"4120 NW 28TH ST, MIAMI, FL. 33142-5614",DADE,1000000710756, $745.50 
CADA COLLECTION LLC,CADA COLLECTION LLC,"9801 COLLINS AVE APT 5D, BAL HARBOUR, FL. 33154-1818",DADE,1000000753246," $102,562.05 "
MOLINA MOTORS INC,MOLINA MOTORS INC,"8415 NW 61ST ST, MIAMI, FL. 33166-3307",DADE,1000000755767," $100,039.32 "
PALMETTO PAINT & DECORATING CENTER INC,PALMETTO PAINT & DECORATING CENTER INC,"14031 S DIXIE HWY, MIAMI, FL. 33176-7222",DADE,1000000706069," $67,559.26 "
PALMETTO PAINT & DECORATING CENTER INC,PALMETTO PAINT & DECORATING CENTER INC,"14031 S DIXIE HWY, MIAMI, FL. 33176-7222",DADE,1000000750634," $64,302.31 "
MATTRESS ONE INC,,"1632 NW 82ND AVE, DORAL, FL 33126-1050",DADE,1000000760562," $2,164,413.45 "
"C.J. TERRA, INC. ","C.J. TERRA, INC. ","10124 NW 80TH AVE, MIAMI LAKES, FL. 33016-2306",DADE,1000000762693," $138,766.01 "
"C.J. TERRA, INC. ","C.J. TERRA, INC. ","10124 NW 80TH AVE, MIAMI LAKES, FL. 33016-2306",DADE,1000000766249," $15,120.87 "
RAMSONS PROTECTIVE AGENCY INC,RAMSONS PROTECTIVE AGENCY INC,"20451 NW 2ND AVE STE 108, MIAMI, FL. 33169-2539",DADE,1000000758573," $163,740.54 "
RAMSONS PROTECTIVE AGENCY INC,RAMSONS PROTECTIVE AGENCY INC,"20451 NW 2ND AVE STE 108, MIAMI, FL. 33169-2539",DADE,1000000758572," $16,764.77 "
"QV CARS, INC.","QV CARS, INC.","7915 NW 60TH ST, MIAMI, FL. 33166-3410",DADE,1000000757454," $105,103.33 "
CUADRADO SERVICES CORP,CUADRADO SERVICES CORP,"2500 NW 79TH AVE STE 159, DORAL, FL. 33122-1081",DADE,1000000759438," $244,193.74 "
JEA AUTO SALES AND SERVICES INC,JEA AUTO SALES AND SERVICES INC,"10730 SW 188TH ST, CUTLER BAY, FL. 33157-6777",DADE,1000000747236," $43,205.43 "
JEA AUTO SALES AND SERVICES INC,JEA AUTO SALES AND SERVICES INC,"10730 SW 188TH ST, CUTLER BAY, FL. 33157-6777",DADE,1000000759065," $82,842.21 "
"EXILAR, LLC","EXILAR, LLC","395 NW 170TH ST, NORTH MIAMI BEACH, FL. 33169-5925",DADE,1000000703559," $48,295.52 "
"EXILAR, LLC","EXILAR, LLC","395 NW 170TH ST, NORTH MIAMI BEACH, FL. 33169-5925",DADE,1000000710587," $15,743.49 "
"EXILAR, LLC","EXILAR, LLC","395 NW 170TH ST, NORTH MIAMI BEACH, FL. 33169-5925",DADE,1000000716682," $48,118.08 "
"EXILAR, LLC","EXILAR, LLC","395 NW 170TH ST, NORTH MIAMI BEACH, FL. 33169-5925",DADE,1000000717167," $6,868.53 "
IRA M GOLDSMITH LLC ,IRA M GOLDSMITH LLC ,"2100 W 76TH ST, HIALEAH, FL. 33016-5539",DADE,1000000536522," $105,961.81 "
QUICK SUPER STOP INC.,QUICK SUPER STOP INC.,"15150 NE 6TH AVE, MIAMI, FL. 33162-5034",DADE,1000000678423," $224,059.78 "
ECOLOGICAL PAPER RECYCLING INC,ECOLOGICAL PAPER RECYCLING INC,"2350 NW 149TH ST, OPA LOCKA, FL. 33054-3132",DADE,1000000556253," $68,980.89 "
ECOLOGICAL PAPER RECYCLING INC,ECOLOGICAL PAPER RECYCLING INC,"2350 NW 149TH ST, OPA LOCKA, FL. 33054-3132",DADE,1000000658582," $34,486.43 "
ECOLOGICAL PAPER RECYCLING INC,ECOLOGICAL PAPER RECYCLING INC,"2350 NW 149TH ST, OPA LOCKA, FL. 33054-3132",DADE,1000000752624," $14,068.21 "
ECOLOGICAL PAPER RECYCLING INC,ECOLOGICAL PAPER RECYCLING INC,"2350 NW 149TH ST, OPA LOCKA, FL. 33054-3132",DADE,1000000752626," $404,901.31 "
HEAVENLY SPIRITS INC,HEAVENLY SPIRITS INC,"433 LINCOLN RD, MIAMI BEACH, FL. 33139-3002",DADE,1000000662188," $38,725.39 "
HEAVENLY SPIRITS INC,HEAVENLY SPIRITS INC,"433 LINCOLN RD, MIAMI BEACH, FL. 33139-3002",DADE,1000000695681," $18,407.95 "
HEAVENLY SPIRITS INC,HEAVENLY SPIRITS INC,"433 LINCOLN RD, MIAMI BEACH, FL. 33139-3002",DADE,1000000697620," $10,085.91 "
HEAVENLY SPIRITS INC,HEAVENLY SPIRITS INC,"433 LINCOLN RD, MIAMI BEACH, FL. 33139-3002",DADE,1000000705357," $15,092.49 "
HEAVENLY SPIRITS INC,HEAVENLY SPIRITS INC,"433 LINCOLN RD, MIAMI BEACH, FL. 33139-3002",DADE,1000000715439," $27,264.56 "
HEAVENLY SPIRITS INC,HEAVENLY SPIRITS INC,"433 LINCOLN RD, MIAMI BEACH, FL. 33139-3002",DADE,1000000722216," $36,391.08 "
150 SOUTH BEACH LLC,150 SOUTH BEACH LLC,"150 OCEAN DR, MIAMI BEACH, FL. 33139-7213",DADE,1000000499448," $104,856.83 "
150 SOUTH BEACH LLC,150 SOUTH BEACH LLC,"150 OCEAN DR, MIAMI BEACH, FL. 33139-7213",DADE,1000000511478, $731.42 
RICKY AREPAS & HOT DOGS INC,RICKY AREPAS & HOT DOGS INC,"414 SW 22ND AVE, MIAMI, FL. 33135-3115",DADE,1000000459525," $155,266.81 "
RICKY AREPAS & HOT DOGS INC,RICKY AREPAS & HOT DOGS INC,"414 SW 22ND AVE, MIAMI, FL. 33135-3115",DADE,1000000514472," $2,033.74 "
RICKY AREPAS & HOT DOGS INC,RICKY AREPAS & HOT DOGS INC,"414 SW 22ND AVE, MIAMI, FL. 33135-3115",DADE,1000000522473, $388.71 
RICKY AREPAS & HOT DOGS INC,RICKY AREPAS & HOT DOGS INC,"414 SW 22ND AVE, MIAMI, FL. 33135-3115",DADE,1000000553591, $273.27 
RICKY AREPAS & HOT DOGS INC,RICKY AREPAS & HOT DOGS INC,"414 SW 22ND AVE, MIAMI, FL. 33135-3115",DADE,1000000556220," $4,073.47 "
RICKY AREPAS & HOT DOGS INC,RICKY AREPAS & HOT DOGS INC,"414 SW 22ND AVE, MIAMI, FL. 33135-3115",DADE,1000000611700," $4,112.15 "
RICKY AREPAS & HOT DOGS INC,RICKY AREPAS & HOT DOGS INC,"414 SW 22ND AVE, MIAMI, FL. 33135-3115",DADE,1000000706050," $23,229.76 "
RICKY AREPAS & HOT DOGS INC,RICKY AREPAS & HOT DOGS INC,"414 SW 22ND AVE, MIAMI, FL. 33135-3115",DADE,1000000747669," $4,817.08 "
KORUS USA INC,KORUS USA INC,"8615 NW 64TH ST # 2, MIAMI, FL. 33166-2634",DADE,1000000670201," $31,239.44 "
KORUS USA INC,KORUS USA INC,"8615 NW 64TH ST # 2, MIAMI, FL. 33166-2634",DADE,1000000688349," $62,338.69 "
KORUS USA INC,KORUS USA INC,"8615 NW 64TH ST # 2, MIAMI, FL. 33166-2634",DADE,1000000706392," $4,119.20 "
KORUS USA INC,KORUS USA INC,"8615 NW 64TH ST # 2, MIAMI, FL. 33166-2634",DADE,1000000716148," $23,279.62 "
KORUS USA INC,KORUS USA INC,"8615 NW 64TH ST # 2, MIAMI, FL. 33166-2634",DADE,1000000734250," $8,114.09 "
KORUS USA INC,KORUS USA INC,"8615 NW 64TH ST # 2, MIAMI, FL. 33166-2634",DADE,1000000734251," $2,460.83 "
AIRLIFT INTERNATIONAL INC,AIRLIFT INTERNATIONAL INC,"4715 NW 157TH ST STE 212, MIAMI LAKES, FL. 33014-6425",DADE,1000000201750," $141,835.92 "
CRSJ INC,CRSJ INC,"290 NE 171ST ST, NORTH MIAMI BEACH, FL. 33162-2345",DADE,1000000215671," $80,191.93 "
CRSJ INC,CRSJ INC,"290 NE 171ST ST, NORTH MIAMI BEACH, FL. 33162-2345",DADE,1000000514467," $2,905.46 "
CRSJ INC,CRSJ INC,"290 NE 171ST ST, NORTH MIAMI BEACH, FL. 33162-2345",DADE,1000000612939," $1,029.92 "
CRSJ INC,CRSJ INC,"290 NE 171ST ST, NORTH MIAMI BEACH, FL. 33162-2345",DADE,1000000627796," $1,152.03 "
CRSJ INC,CRSJ INC,"290 NE 171ST ST, NORTH MIAMI BEACH, FL. 33162-2345",DADE,1000000757823," $164,755.45 "
MIAMI AUTO WHOLESALE AND EXPORT INC,MIAMI AUTO WHOLESALE AND EXPORT INC,"5379 NW 7TH ST, MIAMI, FL. 33126-3328",DADE,1000000740743," $113,696.28 "
BRIDGE LUMBER CO,MIRON BUILDING PRODUCTS CO INC,"19400 W Dixie Hwy, Miami, FL. 33180-2215",DADE,1000000113469," $35,352.71 "
BRIDGE LUMBER CO,MIRON BUILDING PRODUCTS CO INC,"19400 W Dixie Hwy, Miami, FL. 33180-2215",DADE,1000000155883," $18,292.44 "
BRIDGE LUMBER CO,MIRON BUILDING PRODUCTS CO INC,"19400 W Dixie Hwy, Miami, FL. 33180-2215",DADE,1000000175141," $37,896.31 "
BRIDGE LUMBER CO,MIRON BUILDING PRODUCTS CO INC,"19400 W Dixie Hwy, Miami, FL. 33180-2215",DADE,1000000212240," $13,865.32 "
BRIDGE LUMBER CO,MIRON BUILDING PRODUCTS CO INC,"19400 W Dixie Hwy, Miami, FL. 33180-2215",DADE,1000000212241," $17,754.58 "
BRIDGE LUMBER CO,MIRON BUILDING PRODUCTS CO INC,"19400 W Dixie Hwy, Miami, FL. 33180-2215",DADE,1000000743796," $18,376.05 "
THE LARA COMPANY OF MIAMI INC,THE LARA COMPANY OF MIAMI INC,"8141 SW 62nd Ct, Miami, FL. 33143-8003",DADE,1000000076569," $108,725.76 "
OPA LOCKA-HIALEAH FLEA MARKET,GFM OPERATIONS INC,"12705 NW 42nd Ave, Opa Locka, FL. 33054-5117",DADE,1000000689585," $35,884.70 "
OPA LOCKA-HIALEAH FLEA MARKET,GFM OPERATIONS INC,"12705 NW 42nd Ave, Opa Locka, FL. 33054-5117",DADE,1000000704156," $98,224.01 "
OPA LOCKA-HIALEAH FLEA MARKET,GFM OPERATIONS INC,"12705 NW 42nd Ave, Opa Locka, FL. 33054-5117",DADE,1000000704157," $44,099.02 "
OPA LOCKA-HIALEAH FLEA MARKET,GFM OPERATIONS INC,"12705 NW 42nd Ave, Opa Locka, FL. 33054-5117",DADE,1000000713714," $60,079.92 "
OPA LOCKA-HIALEAH FLEA MARKET,GFM OPERATIONS INC,"12705 NW 42nd Ave, Opa Locka, FL. 33054-5117",DADE,1000000766811," $2,648.20 "
HANNA'S GOURMET DINER INC,HANNA'S GOURMET DINER INC,"13951 Biscayne Blvd, North Miami Beach, FL. 33181-1627",DADE,1000000183621," $69,958.94 "
HANNA'S GOURMET DINER INC,HANNA'S GOURMET DINER INC,"13951 Biscayne Blvd, North Miami Beach, FL. 33181-1627",DADE,1000000476519," $20,454.94 "
HANNA'S GOURMET DINER INC,HANNA'S GOURMET DINER INC,"13951 Biscayne Blvd, North Miami Beach, FL. 33181-1627",DADE,1000000706165," $135,833.24 "
HANNA'S GOURMET DINER INC,HANNA'S GOURMET DINER INC,"13951 Biscayne Blvd, North Miami Beach, FL. 33181-1627",DADE,1000000706184," $1,479.15 "
LION'S MOTORS CORPORATION,LION'S MOTORS CORPORATION,"14350 W Dixie Hwy B, North Miami, FL. 33161-3027",DADE,1000000738690," $138,942.05 "
EL BRILLANTE SUPERMARKET RESTAURANT INC,EL BRILLANTE SUPERMARKET RESTAURANT INC,"1164 SW 17th Ave, Miami, FL. 33135-5336",DADE,1000000623647," $14,422.62 "
EL BRILLANTE SUPERMARKET RESTAURANT INC,EL BRILLANTE SUPERMARKET RESTAURANT INC,"1164 SW 17th Ave, Miami, FL. 33135-5336",DADE,1000000666239," $24,692.13 "
EL BRILLANTE SUPERMARKET RESTAURANT INC,EL BRILLANTE SUPERMARKET RESTAURANT INC,"1164 SW 17th Ave, Miami, FL. 33135-5336",DADE,1000000676936," $2,692.24 "
EL BRILLANTE SUPERMARKET RESTAURANT INC,EL BRILLANTE SUPERMARKET RESTAURANT INC,"1164 SW 17th Ave, Miami, FL. 33135-5336",DADE,1000000702792," $17,948.23 "
EL BRILLANTE SUPERMARKET RESTAURANT INC,EL BRILLANTE SUPERMARKET RESTAURANT INC,"1164 SW 17th Ave, Miami, FL. 33135-5336",DADE,1000000747672," $16,440.77 "
EL BRILLANTE SUPERMARKET RESTAURANT INC,EL BRILLANTE SUPERMARKET RESTAURANT INC,"1164 SW 17th Ave, Miami, FL. 33135-5336",DADE,1000000768249," $52,834.18 "
EL BRILLANTE SUPERMARKET RESTAURANT INC,EL BRILLANTE SUPERMARKET RESTAURANT INC,"1164 SW 17th Ave, Miami, FL. 33135-5336",DADE,1000000555107, $970.65 
EL BRILLANTE SUPERMARKET RESTAURANT INC,EL BRILLANTE SUPERMARKET RESTAURANT INC,"1164 SW 17th Ave, Miami, FL. 33135-5336",DADE,1000000666240," $1,729.18 "
EL BRILLANTE SUPERMARKET RESTAURANT INC,EL BRILLANTE SUPERMARKET RESTAURANT INC,"1164 SW 17th Ave, Miami, FL. 33135-5336",DADE,1000000747673," $3,619.64 "
CUSTOM PROTECTION SECURITY INC,CUSTOM PROTECTION SECURITY INC,"2510 NW 97th Ave Ste 100, Doral, FL. 33172-1407",DADE,1000000766946," $515,666.35 "
ASD ENTERPRISES LLC,ASD ENTERPRISES LLC,"2299 NW 108th Ave, Miami, FL. 33172-2022",DADE,1000000637743," $76,461.56 "
ASD ENTERPRISES LLC,ASD ENTERPRISES LLC,"2299 NW 108th Ave, Miami, FL. 33172-2022",DADE,1000000713189," $7,525.05 "
ASD ENTERPRISES LLC,ASD ENTERPRISES LLC,"2299 NW 108th Ave, Miami, FL. 33172-2022",DADE,1000000732081," $8,092.83 "
ASD ENTERPRISES LLC,ASD ENTERPRISES LLC,"2299 NW 108th Ave, Miami, FL. 33172-2022",DADE,1000000740640," $4,261.06 "
ASD ENTERPRISES LLC,ASD ENTERPRISES LLC,"2299 NW 108th Ave, Miami, FL. 33172-2022",DADE,1000000747241," $1,051.09 "
ASD ENTERPRISES LLC,ASD ENTERPRISES LLC,"2299 NW 108th Ave, Miami, FL. 33172-2022",DADE,1000000761423," $4,407.69 "
SPAFINDER WELLNESS INC AND SUBSIDIARIES,SPAFINDER WELLNESS INC AND SUBSIDIARIES,"333 SE 2nd Ave Ste 3710, Miami, FL. 33131-2183",DADE,1000000767276," $1,121,402.35 "
WIN - WIN AUTO CENTER CORP,WIN - WIN AUTO CENTER CORP,"10000 NW 79th Ave, Miami Lakes, FL. 33016-2408",DADE,1000000758778," $30,756.95 "
WIN - WIN AUTO CENTER CORP,WIN - WIN AUTO CENTER CORP,"10000 NW 79th Ave, Miami Lakes, FL. 33016-2408",DADE,1000000765961," $55,256.46 "
WIN - WIN AUTO CENTER CORP,WIN - WIN AUTO CENTER CORP,"10000 NW 79th Ave, Miami Lakes, FL. 33016-2408",DADE,1000000768097," $27,691.34 "
JOSE RAFEAL GALINDO,JOSE RAFEAL GALINDO,"12262 SW 130th St, Miami, FL. 33186-6217",DADE,1000000735068," $45,948.73 "
JOSE RAFEAL GALINDO,JOSE RAFEAL GALINDO,"12262 SW 130th St, Miami, FL. 33186-6217",DADE,1000000767930," $97,439.84 "
LOVE CULTURE/UNITED LC CAPITAL LLC,PETER WOO,"8888 SW 136 ST STE 475, MIAMI, FL 33176",DADE,1000000753296," $47,973.48 "
POPULAR AUTO SALES INC,POPULAR AUTO SALES INC,"4082 W 12TH AVE, HIALEAH, FL. 33012-4106",DADE,1000000771936," $9,418.75 "
POPULAR AUTO SALES INC,POPULAR AUTO SALES INC,"4082 W 12TH AVE, HIALEAH, FL. 33012-4106",DADE,1000000772080," $205,025.25 "
LATIN MOTORS INTERNATIONAL LLC ,LATIN MOTORS INTERNATIONAL LLC ,"3199 NW 36TH ST, MIAMI, FL. 33142-5163",DADE,1000000773995," $10,819.49 "
LATIN MOTORS INTERNATIONAL LLC ,LATIN MOTORS INTERNATIONAL LLC ,"3199 NW 36TH ST, MIAMI, FL. 33142-5163",DADE,1000000773999," $187,051.24 "
LATIN MOTORS INTERNATIONAL LLC ,LATIN MOTORS INTERNATIONAL LLC ,"3199 NW 36TH ST, MIAMI, FL. 33142-5163",DADE,1000000677406," $66,073.52 "
ZILKATUR LLC,ZILKATUR LLC,"2000 COLLINS AVE, MIAMI BEACH, FL. 33139-1982",DADE,1000000773821," $103,026.30 "
"SERPS, INC.","SERPS, INC.","20058 NE 15TH CT, MIAMI, FL. 33179-2702",DADE,1000000752717," $2,836.01 "
"SERPS, INC.","SERPS, INC.","20058 NE 15TH CT, MIAMI, FL. 33179-2702",DADE,1000000756212," $19,563.66 "
"SERPS, INC.","SERPS, INC.","20058 NE 15TH CT, MIAMI, FL. 33179-2702",DADE,1000000761859," $19,630.06 "
"SERPS, INC.","SERPS, INC.","20058 NE 15TH CT, MIAMI, FL. 33179-2702",DADE,1000000770911," $61,300.40 "
ISLES OF WIGHT LIMITED,ISLES OF WIGHT LIMITED,"4770 BISCAYNE BLVD STE 400, MIAMI, FL. 33137-3207",DADE,1000000773024," $137,970.57 "
SANTA ANA MARKET,TIGER GROUP OF MIAMI INC,"3000 NW 12TH AVE, MIAMI, FL. 33127-3612",DADE,1000000483988," $162,712.79 "
SANTA ANA MARKET,TIGER GROUP OF MIAMI INC,"3000 NW 12TH AVE, MIAMI, FL. 33127-3612",DADE,1000000777341," $93,442.11 "
GO FAST AUTO SALES INC,GO FAST AUTO SALES INC,"2055 NW 141ST ST, OPA LOCKA, FL. 33054-4136",DADE,1000000718991," $1,968.12 "
GO FAST AUTO SALES INC,GO FAST AUTO SALES INC,"2055 NW 141ST ST, OPA LOCKA, FL. 33054-4136",DADE,1000000738904, $731.85 
GO FAST AUTO SALES INC,GO FAST AUTO SALES INC,"2055 NW 141ST ST, OPA LOCKA, FL. 33054-4136",DADE,1000000756066," $1,480.74 "
GO FAST AUTO SALES INC,GO FAST AUTO SALES INC,"2055 NW 141ST ST, OPA LOCKA, FL. 33054-4136",DADE,1000000777393," $125,167.90 "
,LOS COMPADRES DE NOCATEE INC,"4836 SW HIGHWAY 17, NOCATEE, FL 34268",DESOTO,1000000704562," $1,798.01 "
,"BENSON AND FAMILY ENTERPRISE, LLCLEGRAND","3241 NE HIGHWAY 349, OLD TOWN, FL 32680-3545",DIXIE,1000000716114, $356.66 
,"BENSON AND FAMILY ENTERPRISE, LLCLEGRAND","3241 NE HIGHWAY 349, OLD TOWN, FL 32680-3545",DIXIE,1000000723289," $1,465.38 "
,"BENSON AND FAMILY ENTERPRISE, LLCLEGRAND","3241 NE HIGHWAY 349, OLD TOWN, FL 32680-3545",DIXIE,1000000715696," $1,362.36 "
,"BENSON AND FAMILY ENTERPRISE, LLCLEGRAND","3241 NE HIGHWAY 349, OLD TOWN, FL 32680-3545",DIXIE,1000000708912," $2,692.66 "
,"SUWANNEE MARINA SERVICES, LLC","49 SE 903 AVENUE, SUWANNEE, FL 32692",DIXIE,1000000773572," $1,459.92 "
BSM UNIFORMS AND APPAREL,BRIAN S. MILSTEAD,"6281 POWERS AVE STE 132, JACKSONVILLE, FL 32217",DUVAL,100000052256," $26,284.78 "
BSM UNIFORMS AND APPAREL,BRIAN S. MILSTEAD,"6281 POWERS AVE STE 132, JACKSONVILLE, FL 32217",DUVAL,1000000262712," $5,647.45 "
BSM UNIFORMS AND APPAREL,BRIAN S. MILSTEAD,"6281 POWERS AVE STE 132, JACKSONVILLE, FL 32217",DUVAL,1000000435684," $1,841.90 "
BSM UNIFORMS AND APPAREL,BRIAN S. MILSTEAD,"6281 POWERS AVE STE 132, JACKSONVILLE, FL 32217",DUVAL,1000000591397," $12,244.41 "
BSM UNIFORMS AND APPAREL,BRIAN S. MILSTEAD,"6281 POWERS AVE STE 132, JACKSONVILLE, FL 32217",DUVAL,1000000603471," $12,693.08 "
BSM UNIFORMS AND APPAREL,BRIAN S. MILSTEAD,"6281 POWERS AVE STE 132, JACKSONVILLE, FL 32217",DUVAL,1000000490090, $914.27 
"JOE'S PROPERTIES, LLC","JOE'S PROPERTIES, LLC","946 LANE AVE N, JACKSONVILLE, FL 32254",DUVAL,1000000669387," $36,793.95 "
"JOE'S PROPERTIES, LLC","JOE'S PROPERTIES, LLC","946 LANE AVE N, JACKSONVILLE, FL 32254",DUVAL,1000000234747," $2,239.86 "
"JOE'S PROPERTIES, LLC","JOE'S PROPERTIES, LLC","946 LANE AVE N, JACKSONVILLE, FL 32254",DUVAL,1000000249822," $2,242.88 "
"JOE'S PROPERTIES, LLC","JOE'S PROPERTIES, LLC","946 LANE AVE N, JACKSONVILLE, FL 32254",DUVAL,1000000220291," $1,603.70 "
"JOE'S PROPERTIES, LLC","JOE'S PROPERTIES, LLC","946 LANE AVE N, JACKSONVILLE, FL 32254",DUVAL,1000000234748," $2,239.86 "
"JOE'S PROPERTIES, LLC","JOE'S PROPERTIES, LLC","946 LANE AVE N, JACKSONVILLE, FL 32254",DUVAL,1000000249827, $574.30 
"JOE'S PROPERTIES, LLC","JOE'S PROPERTIES, LLC","946 LANE AVE N, JACKSONVILLE, FL 32254",DUVAL,1000000669363," $30,533.90 "
"JOE'S PROPERTIES, LLC","JOE'S PROPERTIES, LLC","946 LANE AVE N, JACKSONVILLE, FL 32254",DUVAL,1000000220293," $36,533.90 "
"JOE'S PROPERTIES, LLC","JOE'S PROPERTIES, LLC","946 LANE AVE N, JACKSONVILLE, FL 32254",DUVAL,1000000234752," $2,239.86 "
"JOE'S PROPERTIES, LLC","JOE'S PROPERTIES, LLC","946 LANE AVE N, JACKSONVILLE, FL 32254",DUVAL,1000000249818," $2,942.73 "
CROWN JEWELERS & TIMEPIECES LLC,CROWN JEWELERS & TIMEPIECES LLC,"2002 SAN MARCO BLVD STE 202, JACKSONVILLE, FL  32207",DUVAL,1000000711252," $327,538.84 "
LOU WEBBER TIRE COMPANY,"LOU WEBBER TIRE, INC.","5560 NORMANDY BLVD, JACKSONVILLE, FL 32205",DUVAL,1000000137411, $157.08 
LOU WEBBER TIRE COMPANY,"LOU WEBBER TIRE, INC.","5560 NORMANDY BLVD, JACKSONVILLE, FL 32205",DUVAL,1000000207275," $24,933.34 "
LOU WEBBER TIRE COMPANY,"LOU WEBBER TIRE, INC.","5560 NORMANDY BLVD, JACKSONVILLE, FL 32205",DUVAL,1000000543030," $35,664.07 "
LOU WEBBER TIRE COMPANY,"LOU WEBBER TIRE, INC.","5560 NORMANDY BLVD, JACKSONVILLE, FL 32205",DUVAL,1000000648070," $55,677.36 "
LOU WEBBER TIRE COMPANY,"LOU WEBBER TIRE, INC.","5560 NORMANDY BLVD, JACKSONVILLE, FL 32205",DUVAL,1000000648082, $654.00 
LOU WEBBER TIRE COMPANY,"LOU WEBBER TIRE, INC.","5560 NORMANDY BLVD, JACKSONVILLE, FL 32205",DUVAL,1000000678458," $21,891.42 "
LOU WEBBER TIRE COMPANY,"LOU WEBBER TIRE, INC.","5560 NORMANDY BLVD, JACKSONVILLE, FL 32205",DUVAL,1000000700434," $22,337.48 "
LOU WEBBER TIRE COMPANY,"LOU WEBBER TIRE, INC.","5560 NORMANDY BLVD, JACKSONVILLE, FL 32205",DUVAL,1000000718356," $29,173.56 "
ARIES MEDICAL CORPORATION,ARIES MEDICAL CORPORATION,"1325 SAN MARCO BLVD STE 4, JACKSONVILLE, FL 32207",DUVAL,1000000475399," $3,038.13 "
ARIES MEDICAL CORPORATION,ARIES MEDICAL CORPORATION,"1325 SAN MARCO BLVD STE 4, JACKSONVILLE, FL 32207",DUVAL,1000000722614," $110,061.09 "
ARIES MEDICAL CORPORATION,ARIES MEDICAL CORPORATION,"1325 SAN MARCO BLVD STE 4, JACKSONVILLE, FL 32207",DUVAL,1000000722617, $191.40 
ARIES MEDICAL CORPORATION,ARIES MEDICAL CORPORATION,"1325 SAN MARCO BLVD STE 4, JACKSONVILLE, FL 32207",DUVAL,1000000731800," $9,350.84 "
SOUTHSIDE BP,MKA PARTNERS LLC,4101 SOUTHSIDE BLVD JACKSONVILLE FL 32216,DUVAL,1000000763983," $300,698.83 "
SOUTHSIDE BP,MKA PARTNERS LLC,4101 SOUTHSIDE BLVD JACKSONVILLE FL 32216,DUVAL,1000000761449," $3,491.17 "
"THE PEOPLE'S CAR COMPANY, INC.","THE PEOPLE'S CAR COMPANY, INC.",5024 ROSSELLE ST JACKSONVILLE FL 32254,DUVAL,1000000766074," $126,791.35 "
,MOJO SPORTZ LLC,"6890 W FAIRFIELD DR, PENSACOLA, FL 32506",ESCAMBIA,1000000735443," $51,282.78 "
SB REEF LIGHTS,COLLETT M. HERMAN,"4201 N DAVIS HWY, PENSACOLA, FL 32503",ESCAMBIA,1000000757292," $4,028.37 "
SB REEF LIGHTS,COLLETT M. HERMAN,"4201 N DAVIS HWY, PENSACOLA, FL 32503",ESCAMBIA,1000000765271, 7547.63. 
SB REEF LIGHTS,COLLETT M. HERMAN,"4201 N DAVIS HWY, PENSACOLA, FL 32503",ESCAMBIA,1000000773760," $9,780.91 "
R & S BISTRO INC,SAY CHEESE PIZZA,"100 S STATE ST, BUNNELL, FL 32110",FLAGLER,1000000736614," $2,814.65 "
R & S BISTRO INC,SAY CHEESE PIZZA,"100 S STATE ST, BUNNELL, FL 32110",FLAGLER,1000000742470," $5,810.16 "
R & S BISTRO INC,SAY CHEESE PIZZA,"100 S STATE ST, BUNNELL, FL 32110",FLAGLER,1000000750218," $5,656.42 "
R & S BISTRO INC,SAY CHEESE PIZZA,"100 S STATE ST, BUNNELL, FL 32110",FLAGLER,1000000750213," $1,538.15 "
,"PANHANDLE ICE HOUSE, LLC","89 ISLAND DR, EASTPOINT, FL. 32328",FRANKLIN,1000000759200," $4,413.59 "
,PAPA JOES OYSTER BAR & GRILL INC,"45 AVE D, APALACHICOLA, FL 32320",FRANKLIN,1000000765233," $20,621.44 "
,PAPA JOES OYSTER BAR & GRILL INC,"45 AVE D, APALACHICOLA, FL 32320",FRANKLIN,1000000774036," $4,886.50 "
CDS MANUFACTURUNG INC,CLAYTON H SEMBLER,"106 CHARLES HAYES SR DR, GRETNA, FL  32332",GADSDEN,1000000727003," $454,891.06 "
,KLH CUSTOM LLC,"720 E WADE ST, TRENTON, FL 32693",GILCHRIST,1000000734280," $12,713.30 "
,KLH CUSTOM LLC,"720 E WADE ST, TRENTON, FL 32693",GILCHRIST,1000000734279," $6,748.72 "
WILDCAT CUSTOM AUTO SPECIALIST,TIMOTHY E. DAVIDSON,"8418 SW COUNTY ROAD 232, TRENTON, FL 32693",GILCHRIST,1000000749131," $11,758.76 "
WILDCAT CUSTOM AUTO SPECIALIST,TIMOTHY E. DAVIDSON,"8418 SW COUNTY ROAD 232, TRENTON, FL 32693",GILCHRIST,1000000736032," $1,439.38 "
,"LEMONGRASS INTERIORS, LLC","523 7TH ST, PORT ST JOE, FL. 32456",GULF,1000000759197," $3,953.35 "
CAFE EXQUIS,CHARLENE  CHRISTIE,"901 US HIGHWAY 41 NW, JASPER, FL 32052-6903",HAMILTON,1000000726474," $4,239.74 "
,"CROSSROADS MARKET & GRILL, INC.","5463 STATE ROAD 6 W, JASPER, FL 32052-4811",HAMILTON,1000000715054," $1,944.76 "
,"CROSSROADS MARKET & GRILL, INC.","5463 STATE ROAD 6 W, JASPER, FL 32052-4811",HAMILTON,1000000690807," $8,638.97 "
,"CROSSROADS MARKET & GRILL, INC.","5463 STATE ROAD 6 W, JASPER, FL 32052-4811",HAMILTON,1000000699153," $11,556.07 "
,"CROSSROADS MARKET & GRILL, INC.","5463 STATE ROAD 6 W, JASPER, FL 32052-4811",HAMILTON,1000000724130," $3,716.70 "
,"CROSSROADS MARKET & GRILL, INC.","5463 STATE ROAD 6 W, JASPER, FL 32052-4811",HAMILTON,1000000752465," $6,766.14 "
DUNSON CORNER INC,MARIE HERNANDEZ,"1750 N FLORIDA AVE, WAUCHULA, FL 33873",HARDEE,1000000742560," $4,946.12 "
DIXIE FRIED CHICKEN,LAVERNE AND ANITA INC,"728 E SUGARLAND HWY, CLEWISTON, FL 33440-3215",HENDRY,1000000548096," $1,981.80 "
DIXIE FRIED CHICKEN,LAVERNE AND ANITA INC,"728 E SUGARLAND HWY, CLEWISTON, FL 33440-3215",HENDRY,1000000720079," $12,576.51 "
DIXIE FRIED CHICKEN,LAVERNE AND ANITA INC,"728 E SUGARLAND HWY, CLEWISTON, FL 33440-3215",HENDRY,1000000695535," $15,860.85 "
DIXIE FRIED CHICKEN,LAVERNE AND ANITA INC,"728 E SUGARLAND HWY, CLEWISTON, FL 33440-3215",HENDRY,1000000635834," $9,948.22 "
,IN A TRUCK LLC,"16214 AVIATION LOOP DR, BROOKSVILLE, FL 34604",HERNANDO,1000000639241," $3,736.65 "
,XQUISITE MOTORS LLC,"13381 CHAMBORD ST, BROOKSVILLE, FL  34613-6813",HERNANDO,1000000761998," $8,803.64 "
GARY MONTSDEOCA MD PA,GARY MONTSDEOCA MD PA,"3589 S HIGHLANDS AVE, SEBRING, FL 33870-5410",HIGHLANDS,1000000638384,"$ 58,685.57 "
GARY MONTSDEOCA MD PA,GARY MONTSDEOCA MD PA,"3589 S HIGHLANDS AVE, SEBRING, FL 33870-5410",HIGHLANDS,1000000234725,"$ 14,864.53 "
GARY MONTSDEOCA MD PA,GARY MONTSDEOCA MD PA,"3589 S HIGHLANDS AVE, SEBRING, FL 33870-5410",HIGHLANDS,1000000120156,"$ 12,724.60 "
CRANKY FRANK'S,CRANKY FRANK'S,"123 US 27 N, LAKE PLACID, FL 33852-7932",HIGHLANDS,1000000764973," $30,927.84 "
PIQUANT,1528 BRANDS LLC,"1633 W SNOW AVE, TAMPA, FL 33606",HILLSBOROUGH,1000000703097," $144,952.93 "
PIQUANT,1528 BRANDS LLC,"1633 W SNOW AVE, TAMPA, FL 33606",HILLSBOROUGH,1000000717723," $41,730.16 "
PIQUANT,1528 BRANDS LLC,"1633 W SNOW AVE, TAMPA, FL 33606",HILLSBOROUGH,1000000719039," $13,965.82 "
PIQUANT,1528 BRANDS LLC,"1633 W SNOW AVE, TAMPA, FL 33606",HILLSBOROUGH,1000000726611," $42,335.64 "
PIQUANT,1528 BRANDS LLC,"1633 W SNOW AVE, TAMPA, FL 33606",HILLSBOROUGH,1000000735903," $396,932.38 "
PIQUANT,1528 BRANDS LLC,"1633 W SNOW AVE, TAMPA, FL 33606",HILLSBOROUGH,1000000692294, $397.57 
PIQUANT,1528 BRANDS LLC,"1633 W SNOW AVE, TAMPA, FL 33606",HILLSBOROUGH,1000000717726," $5,595.77 "
PIQUANT,1528 BRANDS LLC,"1633 W SNOW AVE, TAMPA, FL 33606",HILLSBOROUGH,1000000731916," $1,256.22 "
PIQUANT,1528 BRANDS LLC,"1633 W SNOW AVE, TAMPA, FL 33606",HILLSBOROUGH,1000000748959, $825.92 
PIQUANT,1528 BRANDS LLC,"1633 W SNOW AVE, TAMPA, FL 33606",HILLSBOROUGH,1000000748984," $43,220.27 "
,"DUVAL PREMIER MOTORS, INC","915 W. WATERS AVE., TAMPA, FL 33604",HILLSBOROUGH,1000000755189," $81,607.06 "
,"DUVAL PREMIER MOTORS, INC","915 W. WATERS AVE., TAMPA, FL 33604",HILLSBOROUGH,1000000723120," $4,073.35 "
,"DUVAL PREMIER MOTORS, INC","915 W. WATERS AVE., TAMPA, FL 33604",HILLSBOROUGH,1000000719152," $23,204.72 "
,IN A TRUCK LLC,"1045 E HILLSBOROUGH AVE, TAMPA, FL 33604",HILLSBOROUGH,1000000710673," $8,440.12 "
,IN A TRUCK LLC,"1045 E HILLSBOROUGH AVE, TAMPA, FL 33604",HILLSBOROUGH,1000000724231, $809.61 
,IN A TRUCK LLC,"1045 E HILLSBOROUGH AVE, TAMPA, FL 33604",HILLSBOROUGH,1000000752463, $933.21 
HIGH TIDE AUTOS OF VERO BEACH,HIGH TIDE AUTO WHOLESALE INC.,"2626 US HIGHWAY 1, VERO BEACH, FL 32960-5080",INDIAN RIVER,1000000706932," $105,097.54 "
"BEACHLAND MILLWORK, INC.",SHARON SELDNER AND JEFF BEHMER,"525 2ND ST S, VERO BEACH, FL 32962",INDIAN RIVER,1000000724820," $18,714.27 "
"BEACHLAND MILLWORK, INC.",SHARON SELDNER AND JEFF BEHMER,"525 2ND ST S, VERO BEACH, FL 32962",INDIAN RIVER,1000000736838," $16,691.93 "
"BEACHLAND MILLWORK, INC.",SHARON SELDNER AND JEFF BEHMER,"525 2ND ST S, VERO BEACH, FL 32962",INDIAN RIVER,1000000734645," $56,636.76 "
"BEACHLAND MILLWORK, INC.",SHARON SELDNER AND JEFF BEHMER,"525 2ND ST S, VERO BEACH, FL 32962",INDIAN RIVER,1000000774732," $22,941.95 "
BATSON'S CAR WASH,ELTON BATSON,"2934 OLD U S RD, MARIANNA, FL 32446",JACKSON,102222021," $1,549.98 "
BATSON'S CAR WASH,ELTON BATSON,"2934 OLD U S RD, MARIANNA, FL 32446",JACKSON,1000000026426, $657.64 
BATSON'S CAR WASH,ELTON BATSON,"2934 OLD U S RD, MARIANNA, FL 32446",JACKSON,1992310008, $928.70 
COMPUTER AND TECHNOLOGY PROS,JOHN T. WASHINGTON,"2822B HIGHWAY 71, MARIANNA, FL 32446",JACKSON,1000000716690," $33,366.61 "
EAST END AUTO,RE BROWN ENTERPRISES INC,"4634 HIGHWAY 90, MARIANNA, FL   32446",JACKSON,1000000736458," $9,162.17 "
EAST END AUTO,RE BROWN ENTERPRISES INC,"4634 HIGHWAY 90, MARIANNA, FL   32446",JACKSON,1000000738979," $1,314.14 "
EAST END AUTO,RE BROWN ENTERPRISES INC,"4634 HIGHWAY 90, MARIANNA, FL   32446",JACKSON,1000000745337," $3,553.10 "
EAST END AUTO,RE BROWN ENTERPRISES INC,"4634 HIGHWAY 90, MARIANNA, FL   32446",JACKSON,1000000748843," $3,323.45 "
ARROWHEAD CAMPSITES,ARROWHEAD CAMPSITES INC,"4820 HIGHWAY 90, MARIANNA, FL 32446",JACKSON,1000000758609," $11,796.00 "
THE DELI,JOHNNY O. MOORE,"5505 COLLEGE DR, GRACEVILLE, FL 32440",JACKSON,1000000748755," $16,591.98 "
THE DELI,JOHNNY O. MOORE,"5505 COLLEGE DR, GRACEVILLE, FL 32440",JACKSON,1000000761424," $3,773.96 "
,INTEGRATED SECURITY GROUP INC,"7329 LAKE EMMA RD, GROVELAND, FL 34736",LAKE,1000000741626," $92,359.77 "
,TOTAL RENAL CARE INC,"801 E DIXIE AVE., STE 108A, LEESBURG, FL  34748",LAKE,1000000773641," $56,853.90 "
,RENT A WRECK OF SW FLORIDA LLC,"17240 S TAMIAMI TRL STE 5, FT MYERS, FL 33908-4566",LEE,1000000708116," $23,506.31 "
,RENT A WRECK OF SW FLORIDA LLC,"17240 S TAMIAMI TRL STE 5, FT MYERS, FL 33908-4566",LEE,1000000685725," $2,940.95 "
,RENT A WRECK OF SW FLORIDA LLC,"17240 S TAMIAMI TRL STE 5, FT MYERS, FL 33908-4566",LEE,1000000708117," $102,796.44 "
,RENT A WRECK OF SW FLORIDA LLC,"17240 S TAMIAMI TRL STE 5, FT MYERS, FL 33908-4566",LEE,1000000582348," $5,389.30 "
,RENT A WRECK OF SW FLORIDA LLC,"17240 S TAMIAMI TRL STE 5, FT MYERS, FL 33908-4566",LEE,1000000576468," $4,680.70 "
,RENT A WRECK OF SW FLORIDA LLC,"17240 S TAMIAMI TRL STE 5, FT MYERS, FL 33908-4566",LEE,1000000685726," $28,900.24 "
,RENT A WRECK OF SW FLORIDA LLC,"17240 S TAMIAMI TRL STE 5, FT MYERS, FL 33908-4566",LEE,1000000732612," $45,793.20 "
,RENT A WRECK OF SW FLORIDA LLC,"17240 S TAMIAMI TRL STE 5, FT MYERS, FL 33908-4566",LEE,1000000732613," $24,742.67 "
BROTHERS CAR CARE CENTER,JOSEPH  BOCCHINO,"2274 LAUREL LN, FT MYERS, FL 33917-1916",LEE,1000000606887," $1,113.66 "
BROTHERS CAR CARE CENTER,JOSEPH  BOCCHINO,"2274 LAUREL LN, FT MYERS, FL 33917-1916",LEE,1000000571992," $1,038.56 "
BROTHERS CAR CARE CENTER,JOSEPH  BOCCHINO,"2274 LAUREL LN, FT MYERS, FL 33917-1916",LEE,1000000702907," $4,077.30 "
BROTHERS CAR CARE CENTER,JOSEPH  BOCCHINO,"2274 LAUREL LN, FT MYERS, FL 33917-1916",LEE,1000000699426," $11,770.54 "
BROTHERS CAR CARE CENTER,JOSEPH  BOCCHINO,"2274 LAUREL LN, FT MYERS, FL 33917-1916",LEE,1000000647073," $14,309.61 "
BROTHERS CAR CARE CENTER,JOSEPH  BOCCHINO,"2274 LAUREL LN, FT MYERS, FL 33917-1916",LEE,1000000475150," $1,184.87 "
BROTHERS CAR CARE CENTER,JOSEPH  BOCCHINO,"2274 LAUREL LN, FT MYERS, FL 33917-1916",LEE,1000000678677," $5,977.66 "
BROTHERS CAR CARE CENTER,JOSEPH  BOCCHINO,"2274 LAUREL LN, FT MYERS, FL 33917-1916",LEE,1000000609328, $380.70 
BROTHERS CAR CARE CENTER,JOSEPH  BOCCHINO,"2274 LAUREL LN, FT MYERS, FL 33917-1916",LEE,1000000561500, $693.99 
BROTHERS CAR CARE CENTER,JOSEPH  BOCCHINO,"2274 LAUREL LN, FT MYERS, FL 33917-1916",LEE,1000000475151," $9,602.76 "
LOVE CULTURE/UNITED LC CAPITAL LLC,PETER WOO,"4125 CLEVELAND AVE., FORT MYERS, FL 33901",LEE,1000000753301," $40,153.74 "
,NCH CORPORATION,"2850 E SKYLINE DR. SET 200, TUCSON, AZ  85718",LEON,1000000075590," $377,050.86 "
NTR HOSPITALITY LLC,VIJAY PATEL,"2516 WEST LAKESHORE DR, TALLAHASSEE, FL 32312",LEON,1000000713142," $131,572.44 "
NTR HOSPITALITY LLC,VIJAY PATEL,"2516 WEST LAKESHORE DR, TALLAHASSEE, FL 32312",LEON,1000000345788," $103,319.42 "
WILLISTON TIRE CENTER,WILLISTON TIRE & AUTOMOTIVE INC,"102 NE 6TH AVE, WILLISTON, FL 32696",LEVY,1000000487969," $107,706.19 "
WILLISTON TIRE CENTER,WILLISTON TIRE & AUTOMOTIVE INC,"102 NE 6TH AVE, WILLISTON, FL 32696",LEVY,1000000488350," $19,075.24 "
WILLISTON TIRE & AUTOMOTIVE,WILLISTON TIRE & AUTOMOTIVE INC,"102 NE 6TH AVE, WILLISTON, FL 32696",LEVY,1000000461499," $5,512.09 "
THE BRONSON RESTAURANT,HOME OF DO RIGHT COOKING INC,"157 N HATHAWAY AVE, BRONSON, FL 32621",LEVY,1000000729279," $13,530.12 "
THE BRONSON RESTAURANT,HOME OF DO RIGHT COOKING INC,"157 N HATHAWAY AVE, BRONSON, FL 32621",LEVY,1000000740248," $26,491.93 "
THE BRONSON RESTAURANT,HOME OF DO RIGHT COOKING INC,"157 N HATHAWAY AVE, BRONSON, FL 32621",LEVY,1000000743131," $5,205.92 "
,TJ'S COUNTRY STORE LLC,"15447 NW COUNTY RD 12, BRISTOL, FL 32321",LIBERTY,1000000765370," $1,531.50 "
,TJ'S COUNTRY STORE LLC,"15447 NW COUNTY RD 12, BRISTOL, FL 32321",LIBERTY,1000000768400," $2,872.91 "
MADE TO ORDER CATERING SERVICE,"MADE TO ORDER CATERING SERVICE, INC.","5806 NE COLIN KELLY HWY, MADISON, FL 32340",MADISON,1000000724118, $838.01 
MADE TO ORDER CATERING SERVICE,"MADE TO ORDER CATERING SERVICE, INC.","5806 NE COLIN KELLY HWY, MADISON, FL 32340",MADISON,1000000722051," $1,037.94 "
MADE TO ORDER CATERING SERVICE,"MADE TO ORDER CATERING SERVICE, INC.","5806 NE COLIN KELLY HWY, MADISON, FL 32340",MADISON,1000000711373," $7,691.57 "
LULAROE SHAWN M ROGERS,SHAWN M. ROGERS,"8775 NE COLIN KELLY HWY,  PINETTA, FL 32350-2774",MADISON,1000000773514," $4,349.42 "
JACKSON HARDWARE,JACKSON HARDWARE INC,"1118 8TH AVE W, PALMETTO, FL 34221-3810",MANATEE,1000000724483," $6,771.45 "
JACKSON HARDWARE,JACKSON HARDWARE INC,"1118 8TH AVE W, PALMETTO, FL 34221-3810",MANATEE,1000000724482," $6,949.63 "
JACKSON HARDWARE,JACKSON HARDWARE INC,"1118 8TH AVE W, PALMETTO, FL 34221-3810",MANATEE,1000000719574," $18,250.80 "
JACKSON HARDWARE,JACKSON HARDWARE INC,"1118 8TH AVE W, PALMETTO, FL 34221-3810",MANATEE,1000000719573," $17,797.65 "
JACKSON HARDWARE,JACKSON HARDWARE INC,"1118 8TH AVE W, PALMETTO, FL 34221-3810",MANATEE,1000000706742," $3,375.61 "
JACKSON HARDWARE,JACKSON HARDWARE INC,"1118 8TH AVE W, PALMETTO, FL 34221-3810",MANATEE,1000000706741," $3,464.17 "
JACKSON HARDWARE,JACKSON HARDWARE INC,"1118 8TH AVE W, PALMETTO, FL 34221-3810",MANATEE,100000706429," $3,393.10 "
JACKSON HARDWARE,JACKSON HARDWARE INC,"1118 8TH AVE W, PALMETTO, FL 34221-3810",MANATEE,100000706428," $3,828.33 "
JACKSON HARDWARE,JACKSON HARDWARE INC,"1118 8TH AVE W, PALMETTO, FL 34221-3810",MANATEE,100000703726," $6,871.96 "
JACKSON HARDWARE,JACKSON HARDWARE INC,"1118 8TH AVE W, PALMETTO, FL 34221-3810",MANATEE,1000000685375," $11,481.19 "
JACKSON HARDWARE,JACKSON HARDWARE INC,"1118 8TH AVE W, PALMETTO, FL 34221-3810",MANATEE,1000000685371," $19,119.82 "
JACKSON HARDWARE,JACKSON HARDWARE INC,"1118 8TH AVE W, PALMETTO, FL 34221-3810",MANATEE,1000000671965," $10,060.26 "
JACKSON HARDWARE,JACKSON HARDWARE INC,"1118 8TH AVE W, PALMETTO, FL 34221-3810",MANATEE,1000000671964," $3,034.31 "
JACKSON HARDWARE,JACKSON HARDWARE INC,"1118 8TH AVE W, PALMETTO, FL 34221-3810",MANATEE,100000653564," $3,004.38 "
JACKSON HARDWARE,JACKSON HARDWARE INC,"1118 8TH AVE W, PALMETTO, FL 34221-3810",MANATEE,1000000653562," $5,146.32 "
,BESTWAY TRUCK REPAIR LLC,"4004 15TH ST E, BRADENTON, FL 34208",MANATEE,1000000725580," $20,074.14 "
,BESTWAY TRUCK REPAIR LLC,"4004 15TH ST E, BRADENTON, FL 34208",MANATEE,1000000725577," $1,027.78 "
,HOMESPACES ON THE SQUARE LLC,"2101 SW HIGHWAY 484, OCALA, FL 34473",MARION,1000000496240," $15,908.41 "
,HOMESPACES ON THE SQUARE LLC,"2101 SW HIGHWAY 484, OCALA, FL 34473",MARION,1000000635604," $15,815.09 "
,HOMESPACES ON THE SQUARE LLC,"2101 SW HIGHWAY 484, OCALA, FL 34473",MARION,1000000661667," $15,200.94 "
,HOMESPACES ON THE SQUARE LLC,"2101 SW HIGHWAY 484, OCALA, FL 34473",MARION,1000000566858," $5,408.83 "
,HOMESPACES ON THE SQUARE LLC,"2101 SW HIGHWAY 484, OCALA, FL 34473",MARION,1000000632977," $5,561.17 "
,HOMESPACES ON THE SQUARE LLC,"2101 SW HIGHWAY 484, OCALA, FL 34473",MARION,1000000727649," $37,663.50 "
,HOMESPACES ON THE SQUARE LLC,"2101 SW HIGHWAY 484, OCALA, FL 34473",MARION,1000000733360," $119,042.85 "
,HOMESPACES ON THE SQUARE LLC,"2101 SW HIGHWAY 484, OCALA, FL 34473",MARION,1000000753153," $15,138.55 "
C2 D2 AUTO SALES,C2 D2 AUTO SALES LLC,"3721 SE MARICAMP RD, OCALA, FL 34480",MARION,1000000730737," $19,851.33 "
C2 D2 AUTO SALES,C2 D2 AUTO SALES LLC,"3721 SE MARICAMP RD, OCALA, FL 34480",MARION,1000000732389," $78,199.39 "
C2 D2 AUTO SALES,C2 D2 AUTO SALES LLC,"3721 SE MARICAMP RD, OCALA, FL 34480",MARION,1000000734997," $36,933.28 "
C2 D2 AUTO SALES,C2 D2 AUTO SALES LLC,"3721 SE MARICAMP RD, OCALA, FL 34480",MARION,1000000730736," $11,007.38 "
C2 D2 AUTO SALES,C2 D2 AUTO SALES LLC,"3721 SE MARICAMP RD, OCALA, FL 34480",MARION,1000000732387," $35,770.82 "
C2 D2 AUTO SALES,C2 D2 AUTO SALES LLC,"3721 SE MARICAMP RD, OCALA, FL 34480",MARION,1000000734998," $7,879.82 "
PARADISE HOME & PATIO,PARADISE TRADING GROUP INC.,"3100 SE FEDERAL HWY, STUART, FL 34994-5531",MARTIN,1000000715614," $59,706.34 "
SOUND INSIGHTS INC,STEVEN SUMNERS,"4205 SW HIGH MEADOWS AVE, PALM CITY, FL 34990",MARTIN,1000000746746," $142,580.14 "
THE PERFUME PLACE,WILLIAM G. CONBOY,"6556 SE FEDERAL HWY, STUART, FL 34997",MARTIN,1000000623614," $460,792.83 "
CIRCULATION DEPARTMENT INC,CIRCULATION DEPARTMENT INC,"1111 12TH STREET STE 310A, KEY WEST, FL 33040-3004",MONROE,1000000142901," $32,197.12 "
CIRCULATION DEPARTMENT INC,CIRCULATION DEPARTMENT INC,"1111 12TH STREET STE 310A, KEY WEST, FL 33040-3004",MONROE,1000000160077," $14,099.21 "
CIRCULATION DEPARTMENT INC,CIRCULATION DEPARTMENT INC,"1111 12TH STREET STE 310A, KEY WEST, FL 33040-3004",MONROE,1000000591417," $69,061.95 "
CIRCULATION DEPARTMENT INC,CIRCULATION DEPARTMENT INC,"1111 12TH STREET STE 310A, KEY WEST, FL 33040-3004",MONROE,1000000169771," $12,879.84 "
CIRCULATION DEPARTMENT INC,CIRCULATION DEPARTMENT INC,"1111 12TH STREET STE 310A, KEY WEST, FL 33040-3004",MONROE,1000000179716," $8,463.07 "
CIRCULATION DEPARTMENT INC,CIRCULATION DEPARTMENT INC,"1111 12TH STREET STE 310A, KEY WEST, FL 33040-3004",MONROE,1000000673706," $7,034.28 "
CIRCULATION DEPARTMENT INC,CIRCULATION DEPARTMENT INC,"1111 12TH STREET STE 310A, KEY WEST, FL 33040-3004",MONROE,1000000188298," $4,435.73 "
CIRCULATION DEPARTMENT INC,CIRCULATION DEPARTMENT INC,"1111 12TH STREET STE 310A, KEY WEST, FL 33040-3004",MONROE,1000000196119," $9,675.24 "
CIRCULATION DEPARTMENT INC,CIRCULATION DEPARTMENT INC,"1111 12TH STREET STE 310A, KEY WEST, FL 33040-3004",MONROE,1000000209745," $12,275.79 "
CIRCULATION DEPARTMENT INC,CIRCULATION DEPARTMENT INC,"1111 12TH STREET STE 310A, KEY WEST, FL 33040-3004",MONROE,1000000256785," $5,177.88 "
CIRCULATION DEPARTMENT INC,CIRCULATION DEPARTMENT INC,"1111 12TH STREET STE 310A, KEY WEST, FL 33040-3004",MONROE,1000000346093," $2,751.84 "
CIRCULATION DEPARTMENT INC,CIRCULATION DEPARTMENT INC,"1111 12TH STREET STE 310A, KEY WEST, FL 33040-3004",MONROE,1000000628112," $15,138.86 "
CIRCULATION DEPARTMENT INC,CIRCULATION DEPARTMENT INC,"1111 12TH STREET STE 310A, KEY WEST, FL 33040-3004",MONROE,1000000216209, $540.00 
CIRCULATION DEPARTMENT INC,CIRCULATION DEPARTMENT INC,"1111 12TH STREET STE 310A, KEY WEST, FL 33040-3004",MONROE,1000000179709," $1,361.71 "
CIRCULATION DEPARTMENT INC,CIRCULATION DEPARTMENT INC,"1111 12TH STREET STE 310A, KEY WEST, FL 33040-3004",MONROE,1000000369677," $2,287.20 "
CIRCULATION DEPARTMENT INC,CIRCULATION DEPARTMENT INC,"1111 12TH STREET STE 310A, KEY WEST, FL 33040-3004",MONROE,1000000591418, $581.78 
CIRCULATION DEPARTMENT INC,CIRCULATION DEPARTMENT INC,"1111 12TH STREET STE 310A, KEY WEST, FL 33040-3004",MONROE,1000000599248, $473.41 
CIRCULATION DEPARTMENT INC,CIRCULATION DEPARTMENT INC,"1111 12TH STREET STE 310A, KEY WEST, FL 33040-3004",MONROE,1000000673707," $1,072.07 "
MICHAEL'S OF KEY WEST LLC,MICHAEL'S OF KEY WEST LLC,"532 MARGARET ST, KEY WEST, FL. 33040-7134",MONROE,1000000514926," $27,341.82 "
MICHAEL'S OF KEY WEST LLC,MICHAEL'S OF KEY WEST LLC,"532 MARGARET ST, KEY WEST, FL. 33040-7134",MONROE,1000000620042," $10,540.75 "
MICHAEL'S OF KEY WEST LLC,MICHAEL'S OF KEY WEST LLC,"532 MARGARET ST, KEY WEST, FL. 33040-7134",MONROE,1000000739623," $208,729.41 "
MICHAEL'S OF KEY WEST LLC,MICHAEL'S OF KEY WEST LLC,"532 MARGARET ST, KEY WEST, FL. 33040-7134",MONROE,1000000640844," $40,094.39 "
MICHAEL'S OF KEY WEST LLC,MICHAEL'S OF KEY WEST LLC,"532 MARGARET ST, KEY WEST, FL. 33040-7134",MONROE,1000000744972," $50,788.97 "
MICHAEL'S OF KEY WEST LLC,MICHAEL'S OF KEY WEST LLC,"532 MARGARET ST, KEY WEST, FL. 33040-7134",MONROE,1000000773302," $74,770.81 "
CALLAHAN AUTOMOTIVE,"BEAUDRY, ROBERT & BEAUDRY, DONNA","122 E 1ST AVE, CALLAHAN, FL 32011",NASSAU,1000000062127," $65,735.76 "
LECHONERA EL COQUI INC,LECHONERA EL COQUI INC,"232 N 2ND ST, FERNANDINA BCH, FL 32034",NASSAU,1000000724971," $12,566.61 "
LECHONERA EL COQUI INC,LECHONERA EL COQUI INC,"232 N 2ND ST, FERNANDINA BCH, FL 32034",NASSAU,1000000733284," $13,913.14 "
,COMMERCIAL TRUCK & TIRE INC,"638D ANCHORS ST NW, FT WALTON BEACH, FL 32548",OKALOOSA,1000000760076," $17,974.15 "
COMPUTERS PLUS AND HOP HEADS,JTL TECHNOLOGIES INC,"102B RACETRACK RD NE, FT WALTON BEACH, FL 32547",OKALOOSA,1000000732006," $1,286.52 "
COMPUTERS PLUS AND HOP HEADS,JTL TECHNOLOGIES INC,"102B RACETRACK RD NE, FT WALTON BEACH, FL 32548",OKALOOSA,1000000755685," $1,045.92 "
COMPUTERS PLUS AND HOP HEADS,JTL TECHNOLOGIES INC,"102B RACETRACK RD NE, FT WALTON BEACH, FL 32549",OKALOOSA,1000000740417," $1,044.46 "
,EMERALD COAST COMPUTER SERVICES INC,"141 RICKEY AVE, FT WALTON BEACH, FL 32547",OKALOOSA,1000000772595," $14,843.76 "
KEMP PROPERTIES OF OKEECHOBEE INC,BRENDA KEMP,"909 S PARROTT AVE, OKEECHOBEE, FL 34974",OKEECHOBEE,1000000736142," $22,234.21 "
SHENANIGANS OF OKEECHOBEE INC,BRIAN ALBERT,"2232 NW 32ND DR, OKEECHOBEE, FL 34972",OKEECHOBEE,1000000745761," $7,565.04 "
OKEECHOBEE CITY MARATHON INC,MOHAMMED SATTAR,"118 S PARROTT AVE, OKEECHOBEE, FL 34974",OKEECHOBEE,1000000763930," $170,974.35 "
,KOMBAT SECURITY SYSTEMS LLC,"4708 PARKWAY COMMERCE BLVD, ORLANDO, FL 32808-1018",ORANGE,1000000733012," $169,787.53 "
OAK PLANTATION,OP MANAGEMENT LLC ,"4090 ENCHANTED OAKS CIR, KISSIMMEE, FL 34741-2928",OSCEOLA,1000000198031," $102,517.29 "
OAK PLANTATION,OP MANAGEMENT LLC ,"4090 ENCHANTED OAKS CIR, KISSIMMEE, FL 34741-2928",OSCEOLA,1000000427354," $154,041.60 "
OAK PLANTATION,OP MANAGEMENT LLC ,"4090 ENCHANTED OAKS CIR, KISSIMMEE, FL 34741-2928",OSCEOLA,1000000724147," $222,273.75 "
ALL STAR VACATION HOME MANAGEMENT INC,,"950 CELEBRATION BLVD, STE A, KISSIMMEE, FL 34747",OSCEOLA,1000000760621," $96,467.41 "
ALL STAR VACATION HOME MANAGEMENT INC,,"950 CELEBRATION BLVD, STE A, KISSIMMEE, FL 34747",OSCEOLA,1000000685967," $301,796.25 "
ALL STAR VACATION HOME MANAGEMENT INC,,"950 CELEBRATION BLVD, STE A, KISSIMMEE, FL 34747",OSCEOLA,1000000700180," $357,734.73 "
ALL STAR VACATION HOME MANAGEMENT INC,,"950 CELEBRATION BLVD, STE A, KISSIMMEE, FL 34747",OSCEOLA,1000000731519," $213,106.78 "
ALL STAR VACATION HOME MANAGEMENT INC,,"950 CELEBRATION BLVD, STE A, KISSIMMEE, FL 34747",OSCEOLA,1000000738406," $104,083.62 "
JUPITER LAWN EQUIPMENT,FLOYD L KELLY,"122 EVERNIA ST, JUPITER, FL 33458",PALM BEACH,1000000460448," $15,906.65 "
JUPITER LAWN EQUIPMENT,FLOYD L KELLY,"122 EVERNIA ST, JUPITER, FL 33458",PALM BEACH,1000000483587," $9,330.93 "
JUPITER LAWN EQUIPMENT,FLOYD L KELLY,"122 EVERNIA ST, JUPITER, FL 33458",PALM BEACH,             1000000628518," $3,050.20 "
JUPITER LAWN EQUIPMENT,FLOYD L KELLY,"122 EVERNIA ST, JUPITER, FL 33458",PALM BEACH,1000000628520, $495.07 
JUPITER LAWN EQUIPMENT,FLOYD L KELLY,"122 EVERNIA ST, JUPITER, FL 33458",PALM BEACH,1000000648291," $37,323.38 "
JUPITER LAWN EQUIPMENT,FLOYD L KELLY,"122 EVERNIA ST, JUPITER, FL 33458",PALM BEACH,1000000684050, $449.55 
JUPITER LAWN EQUIPMENT,FLOYD L KELLY,"122 EVERNIA ST, JUPITER, FL 33458",PALM BEACH,1000000699234," $10,356.81 "
JUPITER LAWN EQUIPMENT,FLOYD L KELLY,"122 EVERNIA ST, JUPITER, FL 33458",PALM BEACH,1000000703087," $2,111.59 "
JUPITER LAWN EQUIPMENT,FLOYD L KELLY,"122 EVERNIA ST, JUPITER, FL 33458",PALM BEACH,1000000707547," $1,554.87 "
JUPITER LAWN EQUIPMENT,FLOYD L KELLY,"122 EVERNIA ST, JUPITER, FL 33458",PALM BEACH,1000000711783," $4,438.47 "
JUPITER LAWN EQUIPMENT,FLOYD L KELLY,"122 EVERNIA ST, JUPITER, FL 33458",PALM BEACH,1000000715470," $5,923.90 "
JUPITER LAWN EQUIPMENT,FLOYD L KELLY,"122 EVERNIA ST, JUPITER, FL 33458",PALM BEACH,1000000722548," $1,737.21 "
JUPITER LAWN EQUIPMENT,FLOYD L KELLY,"122 EVERNIA ST, JUPITER, FL 33458",PALM BEACH,1000000723939 ," $2,158.45 "
JUPITER LAWN EQUIPMENT,FLOYD L KELLY,"122 EVERNIA ST, JUPITER, FL 33458",PALM BEACH,1000000726655," $1,801.57 "
JUPITER LAWN EQUIPMENT,FLOYD L KELLY,"122 EVERNIA ST, JUPITER, FL 33458",PALM BEACH,1000000684047," $11,200.76 "
JUPITER LAWN EQUIPMENT,FLOYD L KELLY,"122 EVERNIA ST, JUPITER, FL 33458",PALM BEACH,1000000734911," $5,715.48 "
JUPITER LAWN EQUIPMENT,FLOYD L KELLY,"122 EVERNIA ST, JUPITER, FL 33458",PALM BEACH,1000000743323," $2,661.86 "
JUPITER LAWN EQUIPMENT,FLOYD L KELLY,"122 EVERNIA ST, JUPITER, FL 33458",PALM BEACH,1000000749370," $1,801.57 "
JUPITER LAWN EQUIPMENT,FLOYD L KELLY,"122 EVERNIA ST, JUPITER, FL 33458",PALM BEACH,1000000752621," $1,275.17 "
JUPITER LAWN EQUIPMENT,FLOYD L KELLY,"122 EVERNIA ST, JUPITER, FL 33458",PALM BEACH,1000000755875," $1,565.56 "
JUPITER LAWN EQUIPMENT,FLOYD L KELLY,"122 EVERNIA ST, JUPITER, FL 33458",PALM BEACH,1000000761136," $4,389.59 "
JUPITER LAWN EQUIPMENT,FLOYD L KELLY,"122 EVERNIA ST., JUPITER, FL 33458",PALM BEACH,1000000770409," $1,856.29 "
GORILLA SHUTTERS & MORE INC,SCOTT MARTINEZ & DELIA MARTINEZ,"3575 23RD AVE S, LAKE WORTH, FL 33461",PALM BEACH,1000000755878," $3,038.85 "
GORILLA SHUTTERS & MORE INC,SCOTT MARTINEZ & DELIA MARTINEZ,"3575 23RD AVE S, LAKE WORTH, FL 33461",PALM BEACH,1000000357022," $8,090.01 "
GORILLA SHUTTERS & MORE INC,SCOTT MARTINEZ & DELIA MARTINEZ,"3575 23RD AVE S, LAKE WORTH, FL 33461",PALM BEACH,1000000440801," $22,835.78 "
GORILLA SHUTTERS & MORE INC,SCOTT MARTINEZ & DELIA MARTINEZ,"3575 23RD AVE S, LAKE WORTH, FL 33461",PALM BEACH,1000000473114," $25,602.42 "
GORILLA SHUTTERS & MORE INC,SCOTT MARTINEZ & DELIA MARTINEZ,"3575 23RD AVE S, LAKE WORTH, FL 33461",PALM BEACH,1000000656816," $14,689.93 "
GORILLA SHUTTERS & MORE INC,SCOTT MARTINEZ & DELIA MARTINEZ,"3575 23RD AVE S, LAKE WORTH, FL 33461",PALM BEACH,1000000656820," $27,060.38 "
GORILLA SHUTTERS & MORE INC,SCOTT MARTINEZ & DELIA MARTINEZ,"3575 23RD AVE S, LAKE WORTH, FL 33461",PALM BEACH,1000000686487," $16,184.59 "
GORILLA SHUTTERS & MORE INC,SCOTT MARTINEZ & DELIA MARTINEZ,"3575 23RD AVE S, LAKE WORTH, FL 33461",PALM BEACH,1000000699709," $15,105.57 "
GORILLA SHUTTERS & MORE INC,SCOTT MARTINEZ & DELIA MARTINEZ,"3575 23RD AVE S, LAKE WORTH, FL 33461",PALM BEACH,1000000707555," $9,948.04 "
GORILLA SHUTTERS & MORE INC,SCOTT MARTINEZ & DELIA MARTINEZ,"3575 23RD AVE S, LAKE WORTH, FL 33461",PALM BEACH,1000000715525," $6,933.09 "
GORILLA SHUTTERS & MORE INC,SCOTT MARTINEZ & DELIA MARTINEZ,"3575 23RD AVE S, LAKE WORTH, FL 33461",PALM BEACH,1000000722463," $2,042.60 "
GORILLA SHUTTERS & MORE INC,SCOTT MARTINEZ & DELIA MARTINEZ,"3575 23RD AVE S, LAKE WORTH, FL 33461",PALM BEACH,1000000726659," $2,045.73 "
GORILLA SHUTTERS & MORE INC,SCOTT MARTINEZ & DELIA MARTINEZ,"3575 23RD AVE S, LAKE WORTH, FL 33461",PALM BEACH,1000000729126," $6,082.91 "
GORILLA SHUTTERS & MORE INC,SCOTT MARTINEZ & DELIA MARTINEZ,"3575 23RD AVE S, LAKE WORTH, FL 33461",PALM BEACH,1000000764574," $6,335.63 "
GORILLA SHUTTERS & MORE INC,SCOTT MARTINEZ & DELIA MARTINEZ,"3575 23RD AVE S, LAKE WORTH, FL 33461",PALM BEACH,1000000770253," $4,086.57 "
GORILLA SHUTTERS & MORE INC,SCOTT MARTINEZ & DELIA MARTINEZ,"3575 23RD AVE S, LAKE WORTH FL 33461",PALM BEACH,1000000778062," $4,084.57 "
FIT FOOD FRESH INC,CASEY COCHRAN,"129 NW 13TH ST STE 33, BOCA RATON, FL 33432",PALM BEACH,1000000768222," $15,591.79 "
FIT FOOD FRESH INC,CASEY COCHRAN,"129 NW 13TH ST STE 33, BOCA RATON, FL 33432",PALM BEACH,1000000724684," $7,400.64 "
FIT FOOD FRESH INC,CASEY COCHRAN,"129 NW 13TH ST STE 33, BOCA RATON, FL 33432",PALM BEACH,1000000747832," $39,363.01 "
FIT FOOD FRESH INC,CASEY COCHRAN,"129 NW 13TH ST STE 33, BOCA RATON, FL 33432",PALM BEACH,1000000749955," $17,372.25 "
FIT FOOD FRESH INC,CASEY COCHRAN,"129 NW 13TH ST STE 33, BOCA RATON, FL 33432",PALM BEACH,1000000755924," $25,811.16 "
FIT FOOD FRESH INC,CASEY COCHRAN,"129 NW 13TH ST STE 33, BOCA RATON, FL 33432",PALM BEACH,1000000764579," $30,661.52 "
FIT FOOD FRESH INC,CASEY COCHRAN,"129 NW 13TH ST STE 33, BOCA RATON, FL 33432",PALM BEACH,1000000776999," $34,588.67 "
PINZON ENTERPRISES INC.,EDWAN PINZON,"7650 HOOPER RD, STE 12, WEST PALM BEACH, FL 33411",PALM BEACH,1000000672886," $10,847.70 "
PINZON ENTERPRISES INC.,EDWAN PINZON,"7650 HOOPER RD, STE 12, WEST PALM BEACH, FL 33411",PALM BEACH,1000000707792," 27, 721.44     "
PINZON ENTERPRISES INC.,EDWAN PINZON,"7650 HOOPER RD, STE 12, WEST PALM BEACH, FL 33411",PALM BEACH,1000000707793," $5,170.71 "
PINZON ENTERPRISES INC.,EDWAN PINZON,"7650 HOOPER RD, STE 12, WEST PALM BEACH, FL 33411",PALM BEACH,1000000719180," $14,214.93 "
PINZON ENTERPRISES INC.,EDWAN PINZON,"7650 HOOPER RD, STE 12, WEST PALM BEACH, FL 33411",PALM BEACH,1000000725303," $5,455.21 "
PINZON ENTERPRISES INC.,EDWAN PINZON,"7650 HOOPER RD, STE 12, WEST PALM BEACH, FL 33411",PALM BEACH,1000000735114," $11,174.58 "
PINZON ENTERPRISES INC.,EDWAN PINZON,"7650 HOOPER RD, STE 12, WEST PALM BEACH, FL 33411",PALM BEACH,1000000750771," $8,232.73 "
PINZON ENTERPRISES INC.,EDWAN PINZON,"7650 HOOPER RD, STE 12, WEST PALM BEACH, FL 33411",PALM BEACH,1000000757561," $5,756.21 "
PINZON ENTERPRISES INC.,EDWAN PINZON,"7650 HOOPER RD, STE 12, WEST PALM BEACH, FL 33411",PALM BEACH,1000000762972," $2,757.00 "
PINZON ENTERPRISES INC.,EDWAN PINZON,"7650 HOOPER RD, STE 12, WEST PALM BEACH, FL 33411",PALM BEACH,1000000770354," $8,249.18 "
PINZON ENTERPRISES INC.,EDWAN PINZON,"7650 HOOPER RD, STE 12, WEST PALM BEACH FL 33411",PALM BEACH,1000000773621," $2,731.33 "
,RAMIREZ SOD CORP,"14932 COUNTY LINE RD, SPRING HILL, FL 34610-1041",PASCO,1000000650209," $85,700.03 "
,IN A TRUCK LLC,"16856 CHICKADEE CT, SPRING HILL, FL 34610",PASCO,1000000710672," $2,404.70 "
,IN A TRUCK LLC,"16856 CHICKADEE CT, SPRING HILL, FL 34610",PASCO,1000000724229," $5,845.85 "
,IN A TRUCK LLC,"16856 CHICKADEE CT, SPRING HILL, FL 34610",PASCO,1000000752230," $6,197.37 "
,IN A TRUCK LLC,"16856 CHICKADEE CT, SPRING HILL, FL 34610",PASCO,1000000752462," $2,084.50 "
,ANCHOS TACO COMPANY,"6765 LANDO O LAKES BLVD, LAND O LAKES, FL 34638",PASCO,1000000755881," $66,474.66 "
,ANCHOS TACO COMPANY,"6765 LANDO O LAKES BLVD, LAND O LAKES, FL 34638",PASCO,1000000765875," $9,180.19 "
,ANCHOS TACO COMPANY,"6765 LANDO O LAKES BLVD, LAND O LAKES, FL 34638",PASCO,1000000776341," $58,928.02 "
,ANCHOS TACO COMPANY,"27209 STATE ROAD 56, WESLEY CHAPEL, FL 33544",PASCO,1000000776339," $63,368.60 "
,6820 PROPERTIES LLC,"185 BRIGHTWATER DR, CLEARWATER, FL 33767-2499",PINELLAS,1000000768136," $23,929.79 "
,6820 PROPERTIES LLC,"185 BRIGHTWATER DR, CLEARWATER, FL 33767-2499",PINELLAS,1000000764378," $9,714.94 "
,SHAMIRAM II LLC,"1876 EAGLE TRACE BLVD, PALM HARBOR, FL 34685-3311",PINELLAS,1000000776333," $216,832.41 "
LAKE WALES UNIVERSAL INC,LAKE WALES UNIVERSAL INC,"19300 HWY 27, LAKE WALES, FL 33853",POLK,1000000716380," $281,196.47 "
GARYS AUTO SALES,GARYS AUTO SALES,"244 E BULLARD AVE, LAKE WALES, FL 33853-3741",POLK,1000000756701," $8,915.89 "
,FARMERS FUEL MART INC,"287 STATE ROAD 207, EAST PALATKA, FL 32131",PUTNAM,1000000713784," $15,707.51 "
,FARMERS FUEL MART INC,"287 STATE ROAD 207, EAST PALATKA, FL 32131",PUTNAM,1000000717777," $4,700.27 "
,FARMERS FUEL MART INC,"287 STATE ROAD 207, EAST PALATKA, FL 32131",PUTNAM,1000000720133," $5,076.19 "
,FARMERS FUEL MART INC,"287 STATE ROAD 207, EAST PALATKA, FL 32131",PUTNAM,1000000748559," $32,534.86 "
,REAL MOTORCARS INC,"3125 CRILL AVE, PALATKA, FL 32177",PUTNAM,1000000733642," $10,470.15 "
,REAL MOTORCARS INC,"3125 CRILL AVE, PALATKA, FL 32177",PUTNAM,1000000733641," $15,508.79 "
,COMMERCIAL TRUCK & TIRE INC,"9218 HWY 87 S, MILTON, FL 32583",SANTA ROSA,1000000760071," $4,814.55 "
,STRIPMASTERS INC,"6436 RESTORATION RD, MILTON, FL 32570",SANTA ROSA,1000000769296," $11,210.69 "
,GRACE FAMILY HOME CLEANING SYSTEMS LLC,"4359 5TH AVE, PACE, FL 32571",SANTA ROSA,1000000772603," $8,475.19 "
,AIRCRAFT MANAGEMENT ASSOCIATES LLC,"8191 N TAMIAMI TRAIL, SARASOTA, FL 34243-2052",SARASOTA,1000000706031," $54,627.30 "
SERVANDOS,LATITUDE 29 DEVELOPMENT LLC,"1525 4TH ST, SARASOTA, FL 34236-5081",SARASOTA,1000000723104," 14,691.76 "
SERVANDOS,LATITUDE 29 DEVELOPMENT LLC,"1525 4TH ST, SARASOTA, FL 34236-5081",SARASOTA,1000000723105," 13,641.37 "
,SAM HUGO INC,"2501 SANFORD AVE, SANFORD, FL 32773-5247",SEMINOLE,1000000722948," $97,547.79 "
KEVIN FISHER,KEVIN FISHER,"6988 US HWY 1 N, ST AUGUSTINE, FL  32095",ST JOHNS,1000000715557," $21,195.65 "
KEVIN FISHER,KEVIN FISHER,"6988 US HWY 1 N, ST AUGUSTINE, FL  32095",ST JOHNS,1000000715558," $14,080.10 "
NOBBY'S SPORTS TAVERN,"NEW VENTURE TIME, INC.","10 ANASTASIA BLVD, SAINT AUGUSTINE, FL 32080",ST JOHNS,1000000168033," $12,288.20 "
NOBBY'S SPORTS TAVERN,"NEW VENTURE TIME, INC.","10 ANASTASIA BLVD, SAINT AUGUSTINE, FL 32080",ST JOHNS,1000000055441," $13,538.69 "
NOBBY'S SPORTS TAVERN,"NEW VENTURE TIME, INC.","10 ANASTASIA BLVD, SAINT AUGUSTINE, FL 32080",ST JOHNS,1000000102628," $16,989.87 "
TRI-FORCE MOTORS INC,ABNER FREDERIC,"5824 NW ALLYSE DR., PORT SAINT LUCIE, FL. 34986",ST LUCIE,1000000740271," $260,396.42 "
SHORTY'S DRIVE THROUGH INC,AZZAM MOHAMMED AL-BAZAR,"1502 AVENUE D, FORT PIERCE, FL 34950",ST LUCIE,1000000686058," $104,919.20 "
CHARUVIL OIL,ANNIE AND SOLOMON MATHEW,"815 E PRIMA VISTA BLVD, PORT SAINT LUCIE, FL 34952",ST LUCIE,1000000723659," $197,146.71 "
PORCELLI ENTERPRISES LLC,DENNIS PORCELLII,"2608 S US HIGHWAY 1, FORT PIERCE, FL 34982",ST LUCIE,1000000704051," $96,514.26 "
PORCELLI ENTERPRISES LLC,DENNIS PORCELLII,"2608 S US HIGHWAY 1, FORT PIERCE, FL 34982",ST LUCIE,1000000757369," $38,257.05 "
A AFFORDABLE ROADSIDE SERVICE,TIMOTHY B. LEHEW,"7264 CR 628, BUSHNELL, FL 33513",SUMTER,1000000760924," $2,809.76 "
A AFFORDABLE ROADSIDE SERVICE,TIMOTHY B. LEHEW,"7264 CR 628, BUSHNELL, FL 33513",SUMTER,1000000760929, $395.93 
A AFFORDABLE ROADSIDE SERVICE,TIMOTHY B. LEHEW,"7264 CR 628, BUSHNELL, FL 33513",SUMTER,1000000744464," $2,379.94 "
A AFFORDABLE ROADSIDE SERVICE,TIMOTHY B. LEHEW,"7264 CR 628, BUSHNELL, FL 33513",SUMTER,1000000756012," $4,215.93 "
A AFFORDABLE ROADSIDE SERVICE,TIMOTHY B. LEHEW,"7264 CR 628, BUSHNELL, FL 33513",SUMTER,1000000776022," $4,063.19 "
HONEST JOHNS,DAVGAR HONEST JOHNS WHISKEY AND PROVISIONS LLC,"1045 OLD CAMP RD, THE VILLAGES, FL 32162 ",SUMTER,1000000777332," $43,910.83 "
,VOSS RACING ENGINES,"704 INDUSTRIAL AVE SW, LIVE OAK, FL 32064-4998",SUWANNEE,1000000723139," $30,220.93 "
,VOSS RACING ENGINES,"704 INDUSTRIAL AVE SW, LIVE OAK, FL 32064-4998",SUWANNEE,1000000700379, $693.95 
,VOSS RACING ENGINES,"704 INDUSTRIAL AVE SW, LIVE OAK, FL 32064-4998",SUWANNEE,1000000657133," $13,054.66 "
,VOSS RACING ENGINES,"704 INDUSTRIAL AVE SW, LIVE OAK, FL 32064-4998",SUWANNEE,1000000690494," $5,753.65 "
,VOSS RACING ENGINES,"704 INDUSTRIAL AVE SW, LIVE OAK, FL 32064-4998",SUWANNEE,1000000697834," $1,932.26 "
,VOSS RACING ENGINES,"704 INDUSTRIAL AVE SW, LIVE OAK, FL 32064-4998",SUWANNEE,1000000729782," $10,207.55 "
,A-1 SOUTH DISTRICT FORESTRY INC,"17662 81ST RD, MC ALPIN, FL 32062-2809",SUWANNEE,1000000720902," $3,656.45 "
,A-1 SOUTH DISTRICT FORESTRY INC,"17662 81ST RD, MC ALPIN, FL 32062-2809",SUWANNEE,1000000722453," $1,112.85 "
SOUTH HOUSE INC,ANDREW MARK SOUTHERLAND,"803 W MAIN ST, PERRY, FL 32347",TAYLOR,1000000488322," $138,490.05 "
"YZ OF PERRY, INC/ COUNTRY KITCHEN",EEAD ABDELHADE,"1305 W HAMPTON SPRINGS AVE, PERRY, FL 32347",TAYLOR,1000000726971," $242,702.23 "
REQUENAS AUTO SALES LLC,REQUENAS AUTO SALES,"4495 N US HIGHWAY 17, DELAND, FL 32720",VOLUSIA,1000000750050X," $3,476.47 "
REQUENAS AUTO SALES LLC,REQUENAS AUTO SALES,"4495 N US HIGHWAY 17, DELAND, FL 32720",VOLUSIA,1000000750050," $15,256.57 "
REQUENAS AUTO SALES LLC,REQUENAS AUTO SALES,"4495 N US HIGHWAY 17, DELAND, FL 32720",VOLUSIA,1000000696575," $11,560.57 "
HEARN ENTERPRISES OF CENTRAL FLORIDA INC,ENCORE CATERING OF CENTRAL FLORIDA,"105 MANDARIN AVE, DELAND, FL 32720",VOLUSIA,1000000705903," $1,773.93 "
HEARN ENTERPRISES OF CENTRAL FLORIDA INC,ENCORE CATERING OF CENTRAL FLORIDA,"105 MANDARIN AVE, DELAND, FL 32720",VOLUSIA,1000000709081," $2,307.75 "
HEARN ENTERPRISES OF CENTRAL FLORIDA INC,ENCORE CATERING OF CENTRAL FLORIDA,"105 MANDARIN AVE, DELAND, FL 32720",VOLUSIA,1000000717583," $1,366.94 "
HEARN ENTERPRISES OF CENTRAL FLORIDA INC,ENCORE CATERING OF CENTRAL FLORIDA,"105 MANDARIN AVE, DELAND, FL 32720",VOLUSIA,1000000723020," $2,413.60 "
HEARN ENTERPRISES OF CENTRAL FLORIDA INC,ENCORE CATERING OF CENTRAL FLORIDA,"105 MANDARIN AVE, DELAND, FL 32720",VOLUSIA,1000000740651," $4,748.41 "
HEARN ENTERPRISES OF CENTRAL FLORIDA INC,ENCORE CATERING OF CENTRAL FLORIDA,"105 MANDARIN AVE, DELAND, FL 32720",VOLUSIA,1000000751570," $2,289.84 "
HEARN ENTERPRISES OF CENTRAL FLORIDA INC,ENCORE CATERING OF CENTRAL FLORIDA,"105 MANDARIN AVE, DELAND, FL 32720",VOLUSIA,1000000764478," $1,077.53 "
PFG PIZZA LLC,"JEFFREY R JONES, JR","26988 CRAWFORDVILLE HWY, CRAWFORDVILLE, FL 32327",WAKULLA,1000000719857," $8,568.62 "
J & M AUTOMOTIVE,JAMES TROWELL,"2148 SOPCHOPPY HWY, CRAWFORDVILLE, FL 32358",WAKULLA,1000000656036," $36,148.61 "
BAMBRPA10 INC,BAMBRPA10 INC,"495 GRAND BLVD STE 206,  MIRAMAR BEACH, FL 32550",WALTON,1000000719402," $200,107.92 "
,CABANA CAFE RESTAURANT INC,"112 SEASCAPE DR, MIRAMAR BEACH, FL. 32450",WALTON,1000000752479," $17,151.46 "
,CABANA CAFE RESTAURANT INC,"112 SEASCAPE DR, MIRAMAR BEACH, FL. 32450",WALTON,1000000753000," $9,502.57 "
,CABANA CAFE RESTAURANT INC,"112 SEASCAPE DR, MIRAMAR BEACH, FL. 32450",WALTON,1000000753001," $30,718.39 "
,KIMBERLY D. STEVENS NUR,"1612 HIGHWAY 90, CHIPLEY, FL  32428",WASHINGTON,1000000756819," $6,897.57 "
,KIMBERLY D. STEVENS NUR,"1612 HIGHWAY 90, CHIPLEY, FL  32428",WASHINGTON,1000000756821," $1,334.71 "
